tv_symbol,screener_slug,bse_code,isin,name
NSE:20MICRONS,20MICRONS,,INE144J01027,20 Microns Limited
NSE:21STCENMGM,21STCENMGM,,INE253B01015,21st Century Management Services Limited
NSE:360ONE,360ONE,,INE466L01038,360 ONE WAM LIMITED
NSE:3BBLACKBIO,3BBLACKBIO,,INE994E01018,3B Blackbio Dx Limited
NSE:3IINFOLTD,3IINFOLTD,,INE748C01038,3i Infotech Limited
NSE:3MINDIA,3MINDIA,,INE470A01017,3M India Limited
NSE:3PLAND,3PLAND,,INE105C01023,3P Land Holdings Limited
NSE:5PAISA,5PAISA,,INE618L01018,5Paisa Capital Limited
NSE:63MOONS,63MOONS,,INE111B01023,63 moons technologies limited
NSE:A2ZINFRA,A2ZINFRA,,INE619I01012,A2Z Infra Engineering Limited
NSE:AAATECH,AAATECH,,INE0D0U01013,AAA Technologies Limited
NSE:AADHARHFC,AADHARHFC,,INE883F01010,Aadhar Housing Finance Limited
NSE:AAKASH,AAKASH,,INE087Z01024,Aakash Exploration Services Limited
NSE:AAREYDRUGS,AAREYDRUGS,,INE198H01019,Aarey Drugs & Pharmaceuticals Limited
NSE:AARNAV,AARNAV,,INE750R01016,Aarnav Fashions Limited
NSE:AARON,AARON,,INE721Z01010,Aaron Industries Limited
NSE:AARTECH,AARTECH,,INE01C001026,Aartech Solonics Limited
NSE:AARTIDRUGS,AARTIDRUGS,,INE767A01016,Aarti Drugs Limited
NSE:AARTIIND,AARTIIND,,INE769A01020,Aarti Industries Limited
NSE:AARTIPHARM,AARTIPHARM,,INE0LRU01027,Aarti Pharmalabs Limited
NSE:AARTISURF,AARTISURF,,INE09EO01013,Aarti Surfactants Limited
NSE:AARVI,AARVI,,INE754X01016,Aarvi Encon Limited
NSE:AAVAS,AAVAS,,INE216P01012,Aavas Financiers Limited
NSE:ABANSENT,ABANSENT,,INE365O01028,Abans Enterprises Limited
NSE:ABB,ABB,,INE117A01022,ABB India Limited
NSE:ABBOTINDIA,ABBOTINDIA,,INE358A01014,Abbott India Limited
NSE:ABCAPITAL,ABCAPITAL,,INE674K01013,Aditya Birla Capital Limited
NSE:ABCOTS,ABCOTS,,INE08PH01015,A B Cotspin India Limited
NSE:ABDL,ABDL,,INE552Z01027,Allied Blenders and Distillers Limited
NSE:ABFRL,ABFRL,,INE647O01011,Aditya Birla Fashion and Retail Limited
NSE:ABINFRA,ABINFRA,,INE00YB01025,A B Infrabuild Limited
NSE:ABLBL,ABLBL,,INE14LE01019,Aditya Birla Lifestyle Brands Limited
NSE:ABMINTLLTD,ABMINTLLTD,,INE251C01025,ABM International Limited
NSE:ABMKNO,ABMKNO,,INE850B01026,ABM Knowledgeware Limited
NSE:ABREL,ABREL,,INE055A01016,Aditya Birla Real Estate Limited
NSE:ABSLAMC,ABSLAMC,,INE404A01024,Aditya Birla Sun Life AMC Limited
NSE:ACC,ACC,,INE012A01025,ACC Limited
NSE:ACCELYA,ACCELYA,,INE793A01012,Accelya Solutions India Limited
NSE:ACCURACY,ACCURACY,,INE648Z01023,Accuracy Shipping Limited
NSE:ACE,ACE,,INE731H01025,Action Construction Equipment Limited
NSE:ACEINTEG,ACEINTEG,,INE543V01017,Ace Integrated Solutions Limited
NSE:ACI,ACI,,INE128X01021,Archean Chemical Industries Limited
NSE:ACL,ACL,,INE666E01020,Andhra Cements Limited
NSE:ACMESOLAR,ACMESOLAR,,INE622W01025,Acme Solar Holdings Limited
NSE:ACSTECH,ACSTECH,,INE366C01021,ACS Technologies Limited
NSE:ACUTAAS,ACUTAAS,,INE00FF01025,Acutaas Chemicals Limited
NSE:ADANIENSOL,ADANIENSOL,,INE931S01010,Adani Energy Solutions Limited
NSE:ADANIENT,ADANIENT,,INE423A01024,Adani Enterprises Limited
NSE:ADANIGREEN,ADANIGREEN,,INE364U01010,Adani Green Energy Limited
NSE:ADANIPORTS,ADANIPORTS,,INE742F01042,Adani Ports and Special Economic Zone Limited
NSE:ADANIPOWER,ADANIPOWER,,INE814H01029,Adani Power Limited
NSE:ADFFOODS,ADFFOODS,,INE982B01027,ADF Foods Limited
NSE:ADL,ADL,,INE0CHO01012,Archidply Decor Limited
NSE:ADOR,ADOR,,INE045A01017,Ador Welding Limited
NSE:ADROITINFO,ADROITINFO,,INE737B01033,Adroit Infotech Limited
NSE:ADSL,ADSL,,INE102I01027,Allied Digital Services Limited
NSE:ADVAIT,ADVAIT,,INE0ALI01010,Advait Energy Transitions Limited
NSE:ADVANCE,ADVANCE,,INE1B0W01010,Advance Agrolife Limited
NSE:ADVANIHOTR,ADVANIHOTR,,INE199C01026,Advani Hotels & Resorts (India) Limited
NSE:ADVENTHTL,ADVENTHTL,,INE28GN01010,Advent Hotels International Limited
NSE:ADVENZYMES,ADVENZYMES,,INE837H01020,Advanced Enzyme Technologies Limited
NSE:AEGISLOG,AEGISLOG,,INE208C01025,Aegis Logistics Limited
NSE:AEGISVOPAK,AEGISVOPAK,,INE0INX01018,Aegis Vopak Terminals Limited
NSE:AEPL,AEPL,,INE757T01025,Artemis Electricals and Projects Limited
NSE:AEQUS,AEQUS,,INE947N01017,Aequs Limited
NSE:AEROENTER,AEROENTER,,INE065D01027,Aeroflex Enterprises Limited
NSE:AEROFLEX,AEROFLEX,,INE024001021,Aeroflex Industries Limited
NSE:AERONEU,AERONEU,,INE035801013,Aeroflex Neu Limited
NSE:AETHER,AETHER,,INE0BWX01014,Aether Industries Limited
NSE:AFCONS,AFCONS,,INE101I01011,Afcons Infrastructure Limited
NSE:AFFLE,AFFLE,,INE00WC01027,Affle 3i Limited
NSE:AFFORDABLE,AFFORDABLE,,INE692Z01013,Affordable Robotic & Automation Limited
NSE:AFIL,AFIL,,INE916Y01027,Akme Fintrade (India) Limited
NSE:AFSL,AFSL,,INE00ZE01026,Abans Financial Services Limited
NSE:AGARIND,AGARIND,,INE204E01012,Agarwal Industrial Corporation Limited
NSE:AGARWALEYE,AGARWALEYE,,INE943P01029,Dr. Agarwal's Health Care Limited
NSE:AGI,AGI,,INE415A01038,AGI Greenpac Limited
NSE:AGIIL,AGIIL,,INE976R01033,Agi Infra Limited
NSE:AGRITECH,AGRITECH,,INE449G01018,Agri-Tech (India) Limited
NSE:AGROPHOS,AGROPHOS,,INE740V01019,Agro Phos India Limited
NSE:AHCL,AHCL,,INE0Y8W01025,Anlon Healthcare Limited
NSE:AHLADA,AHLADA,,INE00PV01013,Ahlada Engineers Limited
NSE:AHLEAST,AHLEAST,,INE926K01017,Asian Hotels (East) Limited
NSE:AHLUCONT,AHLUCONT,,INE758C01029,Ahluwalia Contracts (India) Limited
NSE:AHLWEST,AHLWEST,,INE915K01010,Asian Hotels (West) Limited
NSE:AIAENG,AIAENG,,INE212H01026,AIA Engineering Limited
NSE:AIIL,AIIL,,INE206F01022,Authum Investment & Infrastructure Limited
NSE:AIRAN,AIRAN,,INE645W01026,Airan Limited
NSE:AIROLAM,AIROLAM,,INE801L01010,Airo Lam limited
NSE:AJANTPHARM,AJANTPHARM,,INE031B01049,Ajanta Pharma Limited
NSE:AJAXENGG,AJAXENGG,,INE274Y01021,Ajax Engineering Limited
NSE:AJMERA,AJMERA,,INE298G01035,Ajmera Realty & Infra India Limited
NSE:AJOONI,AJOONI,,INE820Y01021,Ajooni Biotech Limited
NSE:AKASH,AKASH,,INE737W01013,Akash Infra-Projects Limited
NSE:AKCAPIT,AKCAPIT,,INE701G01012,AK Capital Services Limited
NSE:AKG,AKG,,INE00Y801016,Akg Exim Limited
NSE:AKI,AKI,,INE642Z01026,AKI India Limited
NSE:AKSHAR,AKSHAR,,INE256Z01025,Akshar Spintex Limited
NSE:AKSHARCHEM,AKSHARCHEM,,INE542B01011,AksharChem India Limited
NSE:AKSHOPTFBR,AKSHOPTFBR,,INE523B01011,Aksh Optifibre Limited
NSE:AKUMS,AKUMS,,INE09XN01023,Akums Drugs and Pharmaceuticals Limited
NSE:ALANKIT,ALANKIT,,INE914E01040,Alankit Limited
NSE:ALBERTDAVD,ALBERTDAVD,,INE155C01010,Albert David Limited
NSE:ALEMBICLTD,ALEMBICLTD,,INE426A01027,Alembic Limited
NSE:ALGOQUANT,ALGOQUANT,,INE598D01035,Algoquant Fintech Limited
NSE:ALICON,ALICON,,INE062D01024,Alicon Castalloy Limited
NSE:ALIVUS,ALIVUS,,INE03Q201024,Alivus Life Sciences Limited
NSE:ALKALI,ALKALI,,INE773I01017,Alkali Metals Limited
NSE:ALKEM,ALKEM,,INE540L01014,Alkem Laboratories Limited
NSE:ALKYLAMINE,ALKYLAMINE,,INE150B01039,Alkyl Amines Chemicals Limited
NSE:ALLCARGO,ALLCARGO,,INE418H01029,Allcargo Logistics Limited
NSE:ALLDIGI,ALLDIGI,,INE835G01018,Alldigi Tech Limited
NSE:ALLTIME,ALLTIME,,INE0GV601021,All Time Plastics Limited
NSE:ALMONDZ,ALMONDZ,,INE326B01035,Almondz Global Securities Limited
NSE:ALOKINDS,ALOKINDS,,INE270A01029,Alok Industries Limited
NSE:ALPA,ALPA,,INE385I01010,Alpa Laboratories Limited
NSE:ALPHAGEO,ALPHAGEO,,INE137C01018,Alphageo (India) Limited
NSE:AMAGI,AMAGI,,INE121R01077,Amagi Media Labs Limited
NSE:AMANTA,AMANTA,,INE084K01015,Amanta Healthcare Limited
NSE:AMBALALSA,AMBALALSA,,INE432A01017,Ambalal Sarabhai Enterprises Limited
NSE:AMBER,AMBER,,INE371P01015,Amber Enterprises India Limited
NSE:AMBICAAGAR,AMBICAAGAR,,INE792B01012,Ambica Agarbathies & Aroma industries Limited
NSE:AMBIKCO,AMBIKCO,,INE540G01014,Ambika Cotton Mills Limited
NSE:AMBUJACEM,AMBUJACEM,,INE079A01024,Ambuja Cements Limited
NSE:AMDIND,AMDIND,,INE005I01014,AMD Industries Limited
NSE:AMIRCHAND,AMIRCHAND,,INE05TO01019,Amir Chand Jagdish Kumar (Exports) Limited
NSE:AMJLAND,AMJLAND,,INE606A01024,Amj Land Holdings Limited
NSE:AMNPLST,AMNPLST,,INE275D01022,Amines & Plasticizers Limited
NSE:AMRUTANJAN,AMRUTANJAN,,INE098F01031,Amrutanjan Health Care Limited
NSE:ANANDRATHI,ANANDRATHI,,INE463V01026,Anand Rathi Wealth Limited
NSE:ANANTRAJ,ANANTRAJ,,INE242C01024,Anant Raj Limited
NSE:ANDHRAPAP,ANDHRAPAP,,INE435A01051,ANDHRA PAPER LIMITED
NSE:ANDHRSUGAR,ANDHRSUGAR,,INE715B01021,The Andhra Sugars Limited
NSE:ANGELONE,ANGELONE,,INE732I01021,Angel One Limited
NSE:ANIKINDS,ANIKINDS,,INE087B01017,Anik Industries Limited
NSE:ANKITMETAL,ANKITMETAL,,INE106I01010,Ankit Metal & Power Limited
NSE:ANMOL,ANMOL,,INE02AR01019,Anmol India Limited
NSE:ANSALAPI,ANSALAPI,,INE436A01026,Ansal Properties & Infrastructure Limited
NSE:ANTELOPUS,ANTELOPUS,,INE818A01017,Antelopus Selan Energy Limited
NSE:ANTGRAPHIC,ANTGRAPHIC,,INE414B01021,Antarctica Limited
NSE:ANTHEM,ANTHEM,,INE0CZ201020,Anthem Biosciences Limited
NSE:ANUHPHR,ANUHPHR,,INE489G01022,Anuh Pharma Limited
NSE:ANUP,ANUP,,INE294Z01018,The Anup Engineering Limited
NSE:ANURAS,ANURAS,,INE930P01018,Anupam Rasayan India Limited
NSE:APARINDS,APARINDS,,INE372A01015,Apar Industries Limited
NSE:APCL,APCL,,INE071F01012,Anjani Portland Cement Limited
NSE:APCOTEXIND,APCOTEXIND,,INE116A01032,Apcotex Industries Limited
NSE:APEX,APEX,,INE346W01013,Apex Frozen Foods Limited
NSE:APLAPOLLO,APLAPOLLO,,INE702C01027,APL Apollo Tubes Limited
NSE:APLLTD,APLLTD,,INE901L01018,Alembic Pharmaceuticals Limited
NSE:APOLLO,APOLLO,,INE713T01028,Apollo Micro Systems Limited
NSE:APOLLOHOSP,APOLLOHOSP,,INE437A01024,Apollo Hospitals Enterprise Limited
NSE:APOLLOPIPE,APOLLOPIPE,,INE126J01016,Apollo Pipes Limited
NSE:APOLLOTYRE,APOLLOTYRE,,INE438A01022,Apollo Tyres Limited
NSE:APOLSINHOT,APOLSINHOT,,INE451F01024,Apollo Sindoori Hotels Limited
NSE:APTECHT,APTECHT,,INE266F01018,Aptech Limited
NSE:APTUS,APTUS,,INE852O01025,Aptus Value Housing Finance India Limited
NSE:AQYLON,AQYLON,,INE416A01051,Aqylon Nexus Limited
NSE:ARCHIDPLY,ARCHIDPLY,,INE877I01016,Archidply Industries Limited
NSE:ARCHIES,ARCHIES,,INE731A01020,Archies Limited
NSE:ARE&M,ARE&M,,INE885A01032,Amara Raja Energy & Mobility Limited
NSE:ARENTERP,ARENTERP,,INE610C01014,Rajdarshan Industries Limited
NSE:ARFIN,ARFIN,,INE784R01023,Arfin India Limited
NSE:ARIES,ARIES,,INE298I01015,Aries Agro Limited
NSE:ARIHANT,ARIHANT,,INE413D01011,Arihant Foundations & Housing Limited
NSE:ARIHANTCAP,ARIHANTCAP,,INE420B01036,Arihant Capital Markets Limited
NSE:ARIHANTSUP,ARIHANTSUP,,INE643K01018,Arihant Superstructures Limited
NSE:ARIS,ARIS,,INE0H9P01028,Arisinfra Solutions Limited
NSE:ARKADE,ARKADE,,INE0QRL01017,Arkade Developers Limited
NSE:ARMANFIN,ARMANFIN,,INE109C01017,Arman Financial Services Limited
NSE:AROGRANITE,AROGRANITE,,INE210C01013,Aro Granite Industries Limited
NSE:ARROWGREEN,ARROWGREEN,,INE570D01018,Arrow Greentech Limited
NSE:ARSHIYA,ARSHIYA,,INE968D01022,Arshiya Limited
NSE:ARSSBL,ARSSBL,,INE549H01021,Anand Rathi Share and Stock Brokers Limited
NSE:ARTEMISMED,ARTEMISMED,,INE025R01021,Artemis Medicare Services Limited
NSE:ARTNIRMAN,ARTNIRMAN,,INE738V01013,Art Nirman Limited
NSE:ARVEE,ARVEE,,INE006Z01016,Arvee Laboratories (India) Limited
NSE:ARVIND,ARVIND,,INE034A01011,Arvind Limited
NSE:ARVINDFASN,ARVINDFASN,,INE955V01021,Arvind Fashions Limited
NSE:ARVSMART,ARVSMART,,INE034S01021,Arvind SmartSpaces Limited
NSE:ASAHIINDIA,ASAHIINDIA,,INE439A01020,Asahi India Glass Limited
NSE:ASAHISONG,ASAHISONG,,INE228I01012,Asahi Songwon Colors Limited
NSE:ASAL,ASAL,,INE900C01027,Automotive Stampings and Assemblies Limited
NSE:ASALCBR,ASALCBR,,INE073G01016,Associated Alcohols & Breweries Ltd.
NSE:ASHAPURMIN,ASHAPURMIN,,INE348A01023,Ashapura Minechem Limited
NSE:ASHIANA,ASHIANA,,INE365D01021,Ashiana Housing Limited
NSE:ASHIKA,ASHIKA,,INE094B01013,Ashika Credit Capital Limited
NSE:ASHIMASYN,ASHIMASYN,,INE440A01010,Ashima Limited
NSE:ASHOKA,ASHOKA,,INE442H01029,Ashoka Buildcon Limited
NSE:ASHOKAMET,ASHOKAMET,,INE760Y01011,Ashoka Metcast Limited
NSE:ASHOKLEY,ASHOKLEY,,INE208A01029,Ashok Leyland Limited
NSE:ASIANENE,ASIANENE,,INE276G01015,Asian Energy Services Limited
NSE:ASIANHOTNR,ASIANHOTNR,,INE363A01022,Asian Hotels (North) Limited
NSE:ASIANPAINT,ASIANPAINT,,INE021A01026,Asian Paints Limited
NSE:ASIANTILES,ASIANTILES,,INE022I01019,Asian Granito India Limited
NSE:ASKAUTOLTD,ASKAUTOLTD,,INE491J01022,ASK Automotive Limited
NSE:ASMS,ASMS,,INE855F01042,Avio Smart Market Stack Limited
NSE:ASPINWALL,ASPINWALL,,INE991I01015,Aspinwall and Company Limited
NSE:ASTAR,ASTAR,,INE194D01017,Asian Star Company Limited
NSE:ASTEC,ASTEC,,INE563J01010,Astec LifeSciences Limited
NSE:ASTERDM,ASTERDM,,INE914M01019,Aster DM Healthcare Limited
NSE:ASTRAL,ASTRAL,,INE006I01046,Astral Limited
NSE:ASTRAMICRO,ASTRAMICRO,,INE386C01029,Astra Microwave Products Limited
NSE:ASTRAZEN,ASTRAZEN,,INE203A01020,AstraZeneca Pharma India Limited
NSE:ASTRON,ASTRON,,INE646X01014,Astron Paper & Board Mill Limited
NSE:ATALREAL,ATALREAL,,INE0ALR01029,Atal Realtech Limited
NSE:ATAM,ATAM,,INE09KD01013,Atam Valves Limited
NSE:ATGL,ATGL,,INE399L01023,Adani Total Gas Limited
NSE:ATHERENERG,ATHERENERG,,INE0LEZ01016,Ather Energy Limited
NSE:ATL,ATL,,INE0NN701020,Allcargo Terminals Limited
NSE:ATLANTAA,ATLANTAA,,INE285H01022,ATLANTAA LIMITED
NSE:ATLANTAELE,ATLANTAELE,,INE0Z4F01028,Atlanta Electricals Limited
NSE:ATLASCYCLE,ATLASCYCLE,,INE446A01025,Atlas Cycles (Haryana) Limited
NSE:ATUL,ATUL,,INE100A01010,Atul Limited
NSE:ATULAUTO,ATULAUTO,,INE951D01028,Atul Auto Limited
NSE:AUBANK,AUBANK,,INE949L01017,AU Small Finance Bank Limited
NSE:AURIGROW,AURIGROW,,INE925Y01036,Auri Grow India Limited
NSE:AURIONPRO,AURIONPRO,,INE132H01018,Aurionpro Solutions Limited
NSE:AUROPHARMA,AUROPHARMA,,INE406A01037,Aurobindo Pharma Limited
NSE:AURUM,AURUM,,INE898S01029,Aurum PropTech Limited
NSE:AUSOMENT,AUSOMENT,,INE218C01016,Ausom Enterprise Limited
NSE:AUTOAXLES,AUTOAXLES,,INE449A01011,Automotive Axles Limited
NSE:AUTOIND,AUTOIND,,INE718H01014,Autoline Industries Limited
NSE:AVADHSUGAR,AVADHSUGAR,,INE349W01017,Avadh Sugar & Energy Limited
NSE:AVALON,AVALON,,INE0LCL01028,Avalon Technologies Limited
NSE:AVANTEL,AVANTEL,,INE005B01027,Avantel Limited
NSE:AVANTIFEED,AVANTIFEED,,INE871C01038,Avanti Feeds Limited
NSE:AVG,AVG,,INE680Z01018,AVG Logistics Limited
NSE:AVL,AVL,,INE679V01027,Aditya Vision Limited
NSE:AVONMORE,AVONMORE,,INE323B01024,Avonmore Capital & Management Services Limited
NSE:AVROIND,AVROIND,,INE652Z01025,AVRO INDIA LIMITED
NSE:AVTNPL,AVTNPL,,INE488D01021,AVT Natural Products Limited
NSE:AWFIS,AWFIS,,INE108V01019,Awfis Space Solutions Limited
NSE:AWHCL,AWHCL,,INE01BK01022,Antony Waste Handling Cell Limited
NSE:AWL,AWL,,INE699H01024,AWL Agri Business Limited
NSE:AXISBANK,AXISBANK,,INE238A01034,Axis Bank Limited
NSE:AXISCADES,AXISCADES,,INE555B01013,AXISCADES Technologies Limited
NSE:AXITA,AXITA,,INE02EZ01022,Axita Cotton Limited
NSE:AYE,AYE,,INE501X01029,Aye Finance Limited
NSE:AYMSYNTEX,AYMSYNTEX,,INE193B01039,AYM Syntex Limited
NSE:AZAD,AZAD,,INE02IJ01035,Azad Engineering Limited
NSE:BAFNAPH,BAFNAPH,,INE878I01022,Bafna Pharmaceuticals Limited
NSE:BAGFILMS,BAGFILMS,,INE116D01028,B.A.G Films and Media Limited
NSE:BAIDFIN,BAIDFIN,,INE020D01022,Baid Finserv Limited
NSE:BAJAJ-AUTO,BAJAJ-AUTO,,INE917I01010,Bajaj Auto Limited
NSE:BAJAJCON,BAJAJCON,,INE933K01021,Bajaj Consumer Care Limited
NSE:BAJAJELEC,BAJAJELEC,,INE193E01025,Bajaj Electricals Limited
NSE:BAJAJFINSV,BAJAJFINSV,,INE918I01026,Bajaj Finserv Limited
NSE:BAJAJHCARE,BAJAJHCARE,,INE411U01027,Bajaj Healthcare Limited
NSE:BAJAJHFL,BAJAJHFL,,INE377Y01014,Bajaj Housing Finance Limited
NSE:BAJAJHIND,BAJAJHIND,,INE306A01021,Bajaj Hindusthan Sugar Limited
NSE:BAJAJHLDNG,BAJAJHLDNG,,INE118A01012,Bajaj Holdings & Investment Limited
NSE:BAJAJINDEF,BAJAJINDEF,,INE0O9T01021,Indef Manufacturing Limited
NSE:BAJAJST,BAJAJST,,INE704G01024,Bajaj Steel Industries Limited
NSE:BAJEL,BAJEL,,INE0KQN01018,Bajel Projects Limited
NSE:BAJFINANCE,BAJFINANCE,,INE296A01032,Bajaj Finance Limited
NSE:BALAJEE,BALAJEE,,INE0S2G01011,Shree Tirupati Balajee Agro Trading Company Limited
NSE:BALAJITELE,BALAJITELE,,INE794B01026,Balaji Telefilms Limited
NSE:BALAMINES,BALAMINES,,INE050E01027,Balaji Amines Limited
NSE:BALAXI,BALAXI,,INE618N01022,BALAXI PHARMACEUTICALS LIMITED
NSE:BALKRISHNA,BALKRISHNA,,INE875R01011,Balkrishna Paper Mills Limited
NSE:BALKRISIND,BALKRISIND,,INE787D01026,Balkrishna Industries Limited
NSE:BALMLAWRIE,BALMLAWRIE,,INE164A01016,Balmer Lawrie & Company Limited
NSE:BALPHARMA,BALPHARMA,,INE083D01012,Bal Pharma Limited
NSE:BALRAMCHIN,BALRAMCHIN,,INE119A01028,Balrampur Chini Mills Limited
NSE:BALUFORGE,BALUFORGE,,INE011E01029,Balu Forge Industries Limited
NSE:BANARBEADS,BANARBEADS,,INE655B01011,Banaras Beads Limited
NSE:BANARISUG,BANARISUG,,INE459A01010,Bannari Amman Sugars Limited
NSE:BANCOINDIA,BANCOINDIA,,INE213C01025,Banco Products (I) Limited
NSE:BANDHANBNK,BANDHANBNK,,INE545U01014,Bandhan Bank Limited
NSE:BANG,BANG,,INE863I01016,Bang Overseas Limited
NSE:BANKA,BANKA,,INE862Y01015,Banka BioLoo Limited
NSE:BANKBARODA,BANKBARODA,,INE028A01039,Bank of Baroda
NSE:BANKINDIA,BANKINDIA,,INE084A01016,Bank of India
NSE:BANSALWIRE,BANSALWIRE,,INE0B9K01025,Bansal Wire Industries Limited
NSE:BANSWRAS,BANSWRAS,,INE629D01020,Banswara Syntex Limited
NSE:BASF,BASF,,INE373A01013,BASF India Limited
NSE:BASML,BASML,,INE186H01022,Bannari Amman Spinning Mills Limited
NSE:BATAINDIA,BATAINDIA,,INE176A01028,Bata India Limited
NSE:BATLIBOI,BATLIBOI,,INE177C01022,Batliboi Limited
NSE:BAYERCROP,BAYERCROP,,INE462A01022,Bayer Cropscience Limited
NSE:BBL,BBL,,INE464A01036,Bharat Bijlee Limited
NSE:BBOX,BBOX,,INE676A01027,Black Box Limited
NSE:BBTC,BBTC,,INE050A01025,The Bombay Burmah Trading Corporation Limited
NSE:BBTCL,BBTCL,,INE01EE01011,B&B Triplewall Containers Limited
NSE:BCG,BCG,,INE425B01027,Brightcom Group Limited
NSE:BCLIND,BCLIND,,INE412G01024,Bcl Industries Limited
NSE:BCONCEPTS,BCONCEPTS,,INE977Y01011,Brand Concepts Limited
NSE:BCPL,BCPL,,INE00SW01015,BCPL Railway Infrastructure Limited
NSE:BDL,BDL,,INE171Z01026,Bharat Dynamics Limited
NSE:BEARDSELL,BEARDSELL,,INE520H01022,Beardsell Limited
NSE:BECTORFOOD,BECTORFOOD,,INE495P01020,Mrs. Bectors Food Specialities Limited
NSE:BEDMUTHA,BEDMUTHA,,INE844K01012,Bedmutha Industries Limited
NSE:BEEKAY,BEEKAY,,INE213D01015,Beekay Steel Industries Limited
NSE:BEL,BEL,,INE263A01024,Bharat Electronics Limited
NSE:BELLACASA,BELLACASA,,INE344T01014,Bella Casa Fashion & Retail Limited
NSE:BELRISE,BELRISE,,INE894V01022,Belrise Industries Limited
NSE:BEML,BEML,,INE258A01024,BEML Limited
NSE:BENGALASM,BENGALASM,,INE083K01017,Bengal & Assam Company Limited
NSE:BEPL,BEPL,,INE922A01025,Bhansali Engineering Polymers Limited
NSE:BERGEPAINT,BERGEPAINT,,INE463A01038,Berger Paints (I) Limited
NSE:BESTAGRO,BESTAGRO,,INE052T01021,Best Agrolife Limited
NSE:BETA,BETA,,INE351Y01019,Beta Drugs Limited
NSE:BFINVEST,BFINVEST,,INE878K01010,BF Investment Limited
NSE:BFUTILITIE,BFUTILITIE,,INE243D01012,BF Utilities Limited
NSE:BGRENERGY,BGRENERGY,,INE661I01014,BGR Energy Systems Limited
NSE:BHAGCHEM,BHAGCHEM,,INE414D01027,Bhagiradha Chemicals & Industries Limited
NSE:BHAGERIA,BHAGERIA,,INE354C01027,Bhageria Industries Limited
NSE:BHAGYANGR,BHAGYANGR,,INE458B01036,Bhagyanagar India Limited
NSE:BHANDARI,BHANDARI,,INE474E01029,Bhandari Hosiery Exports Limited
NSE:BHARATCOAL,BHARATCOAL,,INE05XR01022,Bharat Coking Coal Limited
NSE:BHARATFORG,BHARATFORG,,INE465A01025,Bharat Forge Limited
NSE:BHARATGEAR,BHARATGEAR,,INE561C01019,Bharat Gears Limited
NSE:BHARATRAS,BHARATRAS,,INE838B01021,Bharat Rasayan Limited
NSE:BHARATSE,BHARATSE,,INE415D01024,Bharat Seats Limited
NSE:BHARATWIRE,BHARATWIRE,,INE316L01019,Bharat Wire Ropes Limited
NSE:BHARTIARTL,BHARTIARTL,,INE397D01024,Bharti Airtel Limited
NSE:BHARTIHEXA,BHARTIHEXA,,INE343G01021,Bharti Hexacom Limited
NSE:BHEL,BHEL,,INE257A01026,Bharat Heavy Electricals Limited
NSE:BI,BI,,INE986A01012,Bilcare Limited
NSE:BIGBLOC,BIGBLOC,,INE412U01025,Bigbloc Construction Limited
NSE:BIKAJI,BIKAJI,,INE00E101023,Bikaji Foods International Limited
NSE:BIL,BIL,,INE828A01016,Bhartiya International Limited
NSE:BILVYAPAR,BILVYAPAR,,INE071A01013,BIL VYAPAR LIMITED
NSE:BIMETAL,BIMETAL,,INE469A01019,Bimetal Bearings Limited
NSE:BIOCON,BIOCON,,INE376G01013,Biocon Limited
NSE:BIOFILCHEM,BIOFILCHEM,,INE829A01014,Biofil Chemicals & Pharmaceuticals Limited
NSE:BIRLACABLE,BIRLACABLE,,INE800A01015,Birla Cable Limited
NSE:BIRLACORPN,BIRLACORPN,,INE340A01012,Birla Corporation Limited
NSE:BIRLAMONEY,BIRLAMONEY,,INE865C01022,Aditya Birla Money Limited
NSE:BIRLANU,BIRLANU,,INE557A01011,BirlaNu Limited
NSE:BIRLAPREC,BIRLAPREC,,INE372E01025,Birla Precision Technologies Limited
NSE:BLACKBUCK,BLACKBUCK,,INE0UIZ01018,BLACKBUCK LIMITED
NSE:BLACKROSE,BLACKROSE,,INE761G01016,Black Rose Inds. Limited
NSE:BLAL,BLAL,,INE0N7W01012,BEML Land Assets Limited
NSE:BLBLIMITED,BLBLIMITED,,INE791A01024,BLB Limited
NSE:BLIL,BLIL,,INE525F01025,Balmer Lawrie Investments Limited
NSE:BLISSGVS,BLISSGVS,,INE416D01022,Bliss GVS Pharma Limited
NSE:BLKASHYAP,BLKASHYAP,,INE350H01032,B. L. Kashyap and Sons Limited
NSE:BLS,BLS,,INE153T01027,BLS International Services Limited
NSE:BLSE,BLSE,,INE0NLT01010,BLS E-Services Limited
NSE:BLUECOAST,BLUECOAST,,INE472B01011,Blue Coast Hotels Limited
NSE:BLUEDART,BLUEDART,,INE233B01017,Blue Dart Express Limited
NSE:BLUEJET,BLUEJET,,INE0KBH01020,Blue Jet Healthcare Limited
NSE:BLUESTARCO,BLUESTARCO,,INE472A01039,Blue Star Limited
NSE:BLUESTONE,BLUESTONE,,INE304W01038,BlueStone Jewellery and Lifestyle Limited
NSE:BLUSPRING,BLUSPRING,,INE0U4101014,Bluspring Enterprises Limited
NSE:BMWVENTLTD,BMWVENTLTD,,INE965W01036,BMW Ventures Limited
NSE:BNAGROCHEM,BNAGROCHEM,,INE00HZ01011,BN Agrochem Limited
NSE:BNALTD,BNALTD,,INE489D01011,B & A Limited
NSE:BODALCHEM,BODALCHEM,,INE338D01028,Bodal Chemicals Limited
NSE:BOHRAIND,BOHRAIND,,INE802W01023,Bohra Industries Limited
NSE:BOMDYEING,BOMDYEING,,INE032A01023,Bombay Dyeing & Mfg Company Limited
NSE:BONLON,BONLON,,INE0B9A01018,Bonlon Industries Limited
NSE:BORANA,BORANA,,INE16SF01016,Borana Weaves Limited
NSE:BOROLTD,BOROLTD,,INE02PY01013,Borosil Limited
NSE:BORORENEW,BORORENEW,,INE666D01022,BOROSIL RENEWABLES LIMITED
NSE:BOROSCI,BOROSCI,,INE02L001032,Borosil Scientific Limited
NSE:BOSCH-HCIL,BOSCH-HCIL,,INE782A01015,BOSCH HOME COMFORT INDIA LIMITED
NSE:BOSCHLTD,BOSCHLTD,,INE323A01026,Bosch Limited
NSE:BPCL,BPCL,,INE029A01011,Bharat Petroleum Corporation Limited
NSE:BPL,BPL,,INE110A01019,BPL Limited
NSE:BRIGADE,BRIGADE,,INE791I01019,Brigade Enterprises Limited
NSE:BRIGHOTEL,BRIGHOTEL,,INE03NU01014,Brigade Hotel Ventures Limited
NSE:BRITANNIA,BRITANNIA,,INE216A01030,Britannia Industries Limited
NSE:BRNL,BRNL,,INE727S01012,Bharat Road Network Limited
NSE:BROOKS,BROOKS,,INE650L01011,Brooks Laboratories Limited
NSE:BSE,BSE,,INE118H01025,BSE Limited
NSE:BSHSL,BSHSL,,INE032Z01020,Bombay Super Hybrid Seeds Limited
NSE:BSL,BSL,,INE594B01012,BSL Limited
NSE:BSOFT,BSOFT,,INE836A01035,BIRLASOFT LIMITED
NSE:BTML,BTML,,INE0EEJ01023,Bodhi Tree Multimedia Limited
NSE:BTTL,BTTL,,INE274K01012,Bhilwara Technical Textiles Limited
NSE:BUILDPRO,BUILDPRO,,INE24OJ01011,Shankara Buildpro Limited
NSE:BUTTERFLY,BUTTERFLY,,INE295F01017,Butterfly Gandhimathi Appliances Limited
NSE:BVCL,BVCL,,INE139I01011,Barak Valley Cements Limited
NSE:BYKE,BYKE,,INE319B01014,The Byke Hospitality Ltd
NSE:CALSOFT,CALSOFT,,INE526B01014,California Software Company Limited
NSE:CAMLINFINE,CAMLINFINE,,INE052I01032,Camlin Fine Sciences Limited
NSE:CAMPUS,CAMPUS,,INE278Y01022,Campus Activewear Limited
NSE:CAMS,CAMS,,INE596I01020,Computer Age Management Services Limited
NSE:CANBK,CANBK,,INE476A01022,Canara Bank
NSE:CANFINHOME,CANFINHOME,,INE477A01020,Can Fin Homes Limited
NSE:CANHLIFE,CANHLIFE,,INE01TY01017,Canara HSBC Life Insurance Company Limited
NSE:CANTABIL,CANTABIL,,INE068L01024,Cantabil Retail India Limited
NSE:CAPACITE,CAPACITE,,INE264T01014,Capacit'e Infraprojects Limited
NSE:CAPILLARY,CAPILLARY,,INE0ILV01024,Capillary Technologies India Limited
NSE:CAPITALSFB,CAPITALSFB,,INE646H01017,Capital Small Finance Bank Limited
NSE:CAPLIPOINT,CAPLIPOINT,,INE475E01026,Caplin Point Laboratories Limited
NSE:CAPTRUST,CAPTRUST,,INE707C01018,Capital Trust Limited
NSE:CARBORUNIV,CARBORUNIV,,INE120A01034,Carborundum Universal Limited
NSE:CARERATING,CARERATING,,INE752H01013,CARE Ratings Limited
NSE:CARRARO,CARRARO,,INE0V7W01012,Carraro India Limited
NSE:CARTRADE,CARTRADE,,INE290S01011,Cartrade Tech Limited
NSE:CARYSIL,CARYSIL,,INE482D01024,CARYSIL LIMITED
NSE:CASTROLIND,CASTROLIND,,INE172A01027,Castrol India Limited
NSE:CCAVENUE,CCAVENUE,,INE483S01020,AvenuesAI Limited
NSE:CCCL,CCCL,,INE429I01024,Consolidated Construction Consortium Limited
NSE:CCHHL,CCHHL,,INE652F01027,Country Club Hospitality & Holidays Limited
NSE:CCL,CCL,,INE421D01022,CCL Products (India) Limited
NSE:CDSL,CDSL,,INE736A01011,Central Depository Services (India) Limited
NSE:CEATLTD,CEATLTD,,INE482A01020,CEAT Limited
NSE:CEIGALL,CEIGALL,,INE0AG901020,Ceigall India Limited
NSE:CEINSYS,CEINSYS,,INE016Q01014,Ceinsys Tech Limited
NSE:CELEBRITY,CELEBRITY,,INE185H01016,Celebrity Fashions Limited
NSE:CELLO,CELLO,,INE0LMW01024,Cello World Limited
NSE:CEMPRO,CEMPRO,,INE686A01026,Cemindia Projects Limited
NSE:CENTENKA,CENTENKA,,INE485A01015,Century Enka Limited
NSE:CENTEXT,CENTEXT,,INE281A01026,Century Extrusions Limited
NSE:CENTRALBK,CENTRALBK,,INE483A01010,Central Bank of India
NSE:CENTRUM,CENTRUM,,INE660C01027,Centrum Capital Limited
NSE:CENTUM,CENTUM,,INE320B01020,Centum Electronics Limited
NSE:CENTURYPLY,CENTURYPLY,,INE348B01021,Century Plyboards (India) Limited
NSE:CERA,CERA,,INE739E01017,Cera Sanitaryware Limited
NSE:CEREBRAINT,CEREBRAINT,,INE345B01019,Cerebra Integrated Technologies Limited
NSE:CESC,CESC,,INE486A01021,CESC Limited
NSE:CEWATER,CEWATER,,INE037Z01029,Concord Enviro Systems Limited
NSE:CGCL,CGCL,,INE180C01042,Capri Global Capital Limited
NSE:CGPOWER,CGPOWER,,INE067A01029,CG Power and Industrial Solutions Limited
NSE:CHALET,CHALET,,INE427F01016,Chalet Hotels Limited
NSE:CHAMBLFERT,CHAMBLFERT,,INE085A01013,Chambal Fertilizers & Chemicals Limited
NSE:CHEMBOND,CHEMBOND,,INE995D01025,Chembond Material Technologies Limited
NSE:CHEMBONDCH,CHEMBONDCH,,INE0TGX01019,Chembond Chemicals Limited
NSE:CHEMCON,CHEMCON,,INE03YM01018,Chemcon Speciality Chemicals Limited
NSE:CHEMFAB,CHEMFAB,,INE783X01023,Chemfab Alkalis Limited
NSE:CHEMPLASTS,CHEMPLASTS,,INE488A01050,Chemplast Sanmar Limited
NSE:CHENNPETRO,CHENNPETRO,,INE178A01016,Chennai Petroleum Corporation Limited
NSE:CHEVIOT,CHEVIOT,,INE974B01016,Cheviot Company Limited
NSE:CHOICEIN,CHOICEIN,,INE102B01014,Choice International Limited
NSE:CHOLAFIN,CHOLAFIN,,INE121A01024,Cholamandalam Investment and Finance Company Limited
NSE:CHOLAHLDNG,CHOLAHLDNG,,INE149A01033,Cholamandalam Financial Holdings Limited
NSE:CIEINDIA,CIEINDIA,,INE536H01010,CIE Automotive India Limited
NSE:CIFL,CIFL,,INE345H01024,Capital India Finance Limited
NSE:CINELINE,CINELINE,,INE704H01022,Cineline India Limited
NSE:CINEVISTA,CINEVISTA,,INE039B01026,Cinevista Limited
NSE:CIPLA,CIPLA,,INE059A01026,Cipla Limited
NSE:CLEAN,CLEAN,,INE227W01023,Clean Science and Technology Limited
NSE:CLEANMAX,CLEANMAX,,INE647U01026,Clean Max Enviro Energy Solutions Limited
NSE:CLEDUCATE,CLEDUCATE,,INE201M01029,CL Educate Limited
NSE:CLSEL,CLSEL,,INE419D01026,Chaman Lal Setia Exports Limited
NSE:CMPDI,CMPDI,,INE05HV01027,Central Mine Planning & Design Institute Limited
NSE:CMRGREEN,CMRGREEN,,INE00WV01027,CMR Green Technologies Limited
NSE:CMSINFO,CMSINFO,,INE925R01014,CMS Info Systems Limited
NSE:CNL,CNL,,INE985W01018,Creative Newtech Limited
NSE:COALINDIA,COALINDIA,,INE522F01014,Coal India Limited
NSE:COASTCORP,COASTCORP,,INE377E01024,Coastal Corporation Limited
NSE:COCHINSHIP,COCHINSHIP,,INE704P01025,Cochin Shipyard Limited
NSE:COCKERILL,COCKERILL,,INE515A01019,John Cockerill India Limited
NSE:COFFEEDAY,COFFEEDAY,,INE335K01011,Coffee Day Enterprises Limited
NSE:COFORGE,COFORGE,,INE591G01025,Coforge Limited
NSE:COHANCE,COHANCE,,INE03QK01018,Cohance Lifesciences Limited
NSE:COLPAL,COLPAL,,INE259A01022,Colgate Palmolive (India) Limited
NSE:COMFINTE,COMFINTE,,INE819A01049,Comfort Intech Limited
NSE:COMPINFO,COMPINFO,,INE070C01037,Compuage Infocom Limited
NSE:COMPUSOFT,COMPUSOFT,,INE453B01029,Compucom Software Limited
NSE:COMSYN,COMSYN,,INE073V01015,Commercial Syn Bags Limited
NSE:CONCOR,CONCOR,,INE111A01025,Container Corporation of India Limited
NSE:CONCORDBIO,CONCORDBIO,,INE338H01029,Concord Biotech Limited
NSE:CONFIPET,CONFIPET,,INE552D01024,Confidence Petroleum India Limited
NSE:CONSOFINVT,CONSOFINVT,,INE025A01027,Consolidated Finvest & Holdings Limited
NSE:CONTROLPR,CONTROLPR,,INE663B01015,Control Print Limited
NSE:CORALFINAC,CORALFINAC,,INE558D01021,Coral India Finance & Housing Limited
NSE:CORDSCABLE,CORDSCABLE,,INE792I01017,Cords Cable Industries Limited
NSE:COROMANDEL,COROMANDEL,,INE169A01031,Coromandel International Limited
NSE:CORONA,CORONA,,INE02ZQ01018,CORONA Remedies Limited
NSE:COSMOFIRST,COSMOFIRST,,INE757A01017,COSMO FIRST LIMITED
NSE:COUNCODOS,COUNCODOS,,INE695B01025,Country Condo's Limited
NSE:CPCAP,CPCAP,,INE521J01018,CP Capital Limited
NSE:CPEDU,CPEDU,,INE0P6P01016,Career Point Edutech Limited
NSE:CPPLUS,CPPLUS,,INE819V01029,Aditya Infotech Limited
NSE:CRAFTSMAN,CRAFTSMAN,,INE00LO01017,Craftsman Automation Limited
NSE:CRAMC,CRAMC,,INE218I01013,Canara Robeco Asset Management Company Limited
NSE:CREATIVEYE,CREATIVEYE,,INE230B01021,Creative Eye Limited
NSE:CREDITACC,CREDITACC,,INE741K01010,CREDITACCESS GRAMEEN LIMITED
NSE:CREST,CREST,,INE559D01011,Crest Ventures Limited
NSE:CRISIL,CRISIL,,INE007A01025,Crisil Limited
NSE:CRIZAC,CRIZAC,,INE0S4R01014,Crizac Limited
NSE:CROMPTON,CROMPTON,,INE299U01018,Crompton Greaves Consumer Electricals Limited
NSE:CROWN,CROWN,,INE491V01019,Crown Lifters Limited
NSE:CSBBANK,CSBBANK,,INE679A01013,CSB Bank Limited
NSE:CSLFINANCE,CSLFINANCE,,INE718F01018,CSL Finance Limited
NSE:CTE,CTE,,INE627H01017,Cambridge Technology Enterprises Limited
NSE:CUB,CUB,,INE491A01021,City Union Bank Limited
NSE:CUBEXTUB,CUBEXTUB,,INE144D01012,Cubex Tubings Limited
NSE:CUMMINSIND,CUMMINSIND,,INE298A01020,Cummins India Limited
NSE:CUPID,CUPID,,INE509F01029,Cupid Limited
NSE:CURAA,CURAA,,INE117B01020,Cura Technologies Limited
NSE:CYBERMEDIA,CYBERMEDIA,,INE278G01037,Cyber Media (India) Limited
NSE:CYBERTECH,CYBERTECH,,INE214A01019,Cybertech Systems And Software Limited
NSE:CYIENT,CYIENT,,INE136B01020,Cyient Limited
NSE:CYIENTDLM,CYIENTDLM,,INE055S01018,Cyient DLM Limited
NSE:DABUR,DABUR,,INE016A01026,Dabur India Limited
NSE:DAICHI,DAICHI,,INE928C01010,Dai-Ichi Karkaria Limited
NSE:DALBHARAT,DALBHARAT,,INE00R701025,Dalmia Bharat Limited
NSE:DALMIASUG,DALMIASUG,,INE495A01022,Dalmia Bharat Sugar and Industries Limited
NSE:DAMCAPITAL,DAMCAPITAL,,INE284H01025,Dam Capital Advisors Limited
NSE:DAMODARIND,DAMODARIND,,INE497D01022,Damodar Industries Limited
NSE:DANGEE,DANGEE,,INE688Y01022,Dangee Dums Limited
NSE:DATAMATICS,DATAMATICS,,INE365B01017,Datamatics Global Services Limited
NSE:DATAPATTNS,DATAPATTNS,,INE0IX101010,Data Patterns (India) Limited
NSE:DAVANGERE,DAVANGERE,,INE179G01029,Davangere Sugar Company Limited
NSE:DBCORP,DBCORP,,INE950I01011,D.B.Corp Limited
NSE:DBEIL,DBEIL,,INE0OPA01027,Deepak Builders & Engineers India Limited
NSE:DBL,DBL,,INE917M01012,Dilip Buildcon Limited
NSE:DBOL,DBOL,,INE0I3401014,Dhampur Bio Organics Limited
NSE:DBREALTY,DBREALTY,,INE879I01012,Valor Estate Limited
NSE:DBSTOCKBRO,DBSTOCKBRO,,INE921B01025,DB (International) Stock Brokers Limited
NSE:DCAL,DCAL,,INE385W01011,Dishman Carbogen Amcis Limited
NSE:DCBBANK,DCBBANK,,INE503A01015,DCB Bank Limited
NSE:DCI,DCI,,INE0A1101019,Dc Infotech And Communication Limited
NSE:DCM,DCM,,INE498A01018,DCM  Limited
NSE:DCMFINSERV,DCMFINSERV,,INE891B01012,DCM Financial Services Limited
NSE:DCMNVL,DCMNVL,,INE08KP01019,DCM Nouvelle Limited
NSE:DCMSHRIRAM,DCMSHRIRAM,,INE499A01024,DCM Shriram Limited
NSE:DCMSIL,DCMSIL,,INE0OU201013,DCM Shriram International Limited
NSE:DCMSRIND,DCMSRIND,,INE843D01027,DCM Shriram Industries Limited
NSE:DCW,DCW,,INE500A01029,DCW Limited
NSE:DCXINDIA,DCXINDIA,,INE0KL801015,DCX Systems Limited
NSE:DDEVPLSTIK,DDEVPLSTIK,,INE0HR601026,Ddev Plastiks Industries Limited
NSE:DECCANCE,DECCANCE,,INE583C01021,Deccan Cements Limited
NSE:DECNGOLD,DECNGOLD,,INE945F01025,Deccan Gold Mines Limited
NSE:DEEDEV,DEEDEV,,INE841L01016,DEE Development Engineers Limited
NSE:DEEPAKFERT,DEEPAKFERT,,INE501A01019,Deepak Fertilizers and Petrochemicals Corporation Limited
NSE:DEEPAKNTR,DEEPAKNTR,,INE288B01029,Deepak Nitrite Limited
NSE:DEEPINDS,DEEPINDS,,INE0FHS01024,Deep Industries Limited
NSE:DELHIVERY,DELHIVERY,,INE148O01028,Delhivery Limited
NSE:DELPHIFX,DELPHIFX,,INE726L01027,DELPHI WORLD MONEY LIMITED
NSE:DELTACORP,DELTACORP,,INE124G01033,Delta Corp Limited
NSE:DELTAMAGNT,DELTAMAGNT,,INE393A01011,Delta Manufacturing Limited
NSE:DEN,DEN,,INE947J01015,Den Networks Limited
NSE:DENORA,DENORA,,INE244A01016,De Nora India Limited
NSE:DENTA,DENTA,,INE0R4L01018,Denta Water and Infra Solutions Limited
NSE:DEVIT,DEVIT,,INE060X01034,Dev Information Technology Limited
NSE:DEVX,DEVX,,INE0VOV01021,Dev Accelerator Limited
NSE:DEVYANI,DEVYANI,,INE872J01023,Devyani International Limited
NSE:DGCONTENT,DGCONTENT,,INE03JI01017,Digicontent Limited
NSE:DHAMPURSUG,DHAMPURSUG,,INE041A01016,Dhampur Sugar Mills Limited
NSE:DHANBANK,DHANBANK,,INE680A01011,Dhanlaxmi Bank Limited
NSE:DHANUKA,DHANUKA,,INE435G01025,Dhanuka Agritech Limited
NSE:DHARAN,DHARAN,,INE278R01034,DHARAN INFRA-EPC LIMITED
NSE:DHARMAJ,DHARMAJ,,INE00OQ01016,Dharmaj Crop Guard Limited
NSE:DHRUV,DHRUV,,INE506Z01015,Dhruv Consultancy Services Limited
NSE:DHUNINV,DHUNINV,,INE320L01011,Dhunseri Investments Limited
NSE:DIACABS,DIACABS,,INE989C01038,Diamond Power Infrastructure Limited
NSE:DIAMINESQ,DIAMINESQ,,INE591D01014,Diamines & Chemicals Limited
NSE:DIAMONDYD,DIAMONDYD,,INE393P01035,Prataap Snacks Limited
NSE:DICIND,DICIND,,INE303A01010,DIC India Limited
NSE:DIFFNKG,DIFFNKG,,INE184O01015,Diffusion Engineers Limited
NSE:DIGIDRIVE,DIGIDRIVE,,INE0PSC01024,Digidrive Distributors Limited
NSE:DIGISPICE,DIGISPICE,,INE927C01020,DiGiSPICE Technologies Limited
NSE:DIGITIDE,DIGITIDE,,INE0U4701011,Digitide Solutions Limited
NSE:DIGJAMLMTD,DIGJAMLMTD,,INE731U01028,Digjam Limited
NSE:DISAQ,DISAQ,,INE131C01011,Disa India Limited
NSE:DISHTV,DISHTV,,INE836F01026,Dish TV India Limited
NSE:DIVGIITTS,DIVGIITTS,,INE753U01022,Divgi Torqtransfer Systems Limited
NSE:DIVISLAB,DIVISLAB,,INE361B01024,Divi's Laboratories Limited
NSE:DIXON,DIXON,,INE935N01020,Dixon Technologies (India) Limited
NSE:DJML,DJML,,INE0B1K01014,DJ Mediaprint & Logistics Limited
NSE:DLF,DLF,,INE271C01023,DLF Limited
NSE:DLINKINDIA,DLINKINDIA,,INE250K01012,D-Link (India) Limited
NSE:DMART,DMART,,INE192R01011,Avenue Supermarts Limited
NSE:DMCC,DMCC,,INE505A01010,DMCC SPECIALITY CHEMICALS LIMITED
NSE:DNAMEDIA,DNAMEDIA,,INE016M01021,Diligent Media Corporation Limited
NSE:DODLA,DODLA,,INE021O01019,Dodla Dairy Limited
NSE:DOLATALGO,DOLATALGO,,INE966A01022,Dolat Algotech Limited
NSE:DOLLAR,DOLLAR,,INE325C01035,Dollar Industries Limited
NSE:DOLPHIN,DOLPHIN,,INE920A01037,Dolphin Offshore Enterprises (India) Limited
NSE:DOMS,DOMS,,INE321T01012,DOMS Industries Limited
NSE:DONEAR,DONEAR,,INE668D01028,Donear Industries Limited
NSE:DPABHUSHAN,DPABHUSHAN,,INE266Y01019,D. P. Abhushan Limited
NSE:DPSCLTD,DPSCLTD,,INE360C01024,DPSC Limited
NSE:DPWIRES,DPWIRES,,INE864X01013,D P Wires Limited
NSE:DRAGARWQ,DRAGARWQ,,INE934C01018,Dr Agarwals Eye Hospital Limited
NSE:DRCSYSTEMS,DRCSYSTEMS,,INE03RS01027,DRC Systems India Limited
NSE:DREAMFOLKS,DREAMFOLKS,,INE0JS101016,Dreamfolks Services Limited
NSE:DREDGECORP,DREDGECORP,,INE506A01018,Dredging Corporation of India Limited
NSE:DRREDDY,DRREDDY,,INE089A01031,Dr. Reddy's Laboratories Limited
NSE:DSFCL,DSFCL,,INE0OFM01015,DCM Shriram Fine Chemicals Limited
NSE:DSSL,DSSL,,INE417B01040,Dynacons Systems & Solutions Limited
NSE:DTIL,DTIL,,INE341R01014,Dhunseri Tea & Industries Limited
NSE:DUCON,DUCON,,INE741L01018,Ducon Infratechnologies Limited
NSE:DVL,DVL,,INE477B01010,Dhunseri Ventures Limited
NSE:DWARKESH,DWARKESH,,INE366A01041,Dwarikesh Sugar Industries Limited
NSE:DYCL,DYCL,,INE600Y01019,Dynamic Cables Limited
NSE:DYNAMATECH,DYNAMATECH,,INE221B01012,Dynamatic Technologies Limited
NSE:DYNPRO,DYNPRO,,INE256H01015,Dynemic Products Limited
NSE:E2E,E2E,,INE255Z01027,E2E Networks Limited
NSE:EASEMYTRIP,EASEMYTRIP,,INE07O001026,Easy Trip Planners Limited
NSE:EASTSILK,EASTSILK,,INE962C01035,Eastern Silk Industries Limited
NSE:EBGNG,EBGNG,,INE18JU01028,GNG Electronics Limited
NSE:ECLERX,ECLERX,,INE738I01010,eClerx Services Limited
NSE:ECOSMOBLTY,ECOSMOBLTY,,INE06HJ01020,Ecos (India) Mobility & Hospitality Limited
NSE:EDELWEISS,EDELWEISS,,INE532F01054,Edelweiss Financial Services Limited
NSE:EFCIL,EFCIL,,INE886D01026,EFC (I) Limited
NSE:EICHERMOT,EICHERMOT,,INE066A01021,Eicher Motors Limited
NSE:EIDPARRY,EIDPARRY,,INE126A01031,EID Parry India Limited
NSE:EIEL,EIEL,,INE0LLY01014,Enviro Infra Engineers Limited
NSE:EIFFL,EIFFL,,INE546V01010,Euro India Fresh Foods Limited
NSE:EIHAHOTELS,EIHAHOTELS,,INE276C01014,EIH Associated Hotels Limited
NSE:EIHOTEL,EIHOTEL,,INE230A01023,EIH Limited
NSE:EIMCOELECO,EIMCOELECO,,INE158B01016,Eimco Elecon (India) Limited
NSE:EKC,EKC,,INE184H01027,Everest Kanto Cylinder Limited
NSE:ELANTAS,ELANTAS,,INE280B01018,Elantas Beck India Limited
NSE:ELCIDIN,ELCIDIN,,INE927X01018,EL CID Investments Limited
NSE:ELDEHSG,ELDEHSG,,INE668G01021,Eldeco Housing And Industries Limited
NSE:ELECON,ELECON,,INE205B01031,Elecon Engineering Company Limited
NSE:ELECTCAST,ELECTCAST,,INE086A01029,Electrosteel Castings Limited
NSE:ELECTHERM,ELECTHERM,,INE822G01016,Electrotherm (India) Limited
NSE:ELGIEQUIP,ELGIEQUIP,,INE285A01027,Elgi Equipments Limited
NSE:ELGIRUBCO,ELGIRUBCO,,INE819L01012,Elgi Rubber Company Limited
NSE:ELIN,ELIN,,INE050401020,Elin Electronics Limited
NSE:ELITECON,ELITECON,,INE669R01026,Elitecon International Limited
NSE:ELLEN,ELLEN,,INE236E01022,Ellenbarrie Industrial Gases Limited
NSE:ELPROINTL,ELPROINTL,,INE579B01039,Elpro International Limited
NSE:EMAMILTD,EMAMILTD,,INE548C01032,Emami Limited
NSE:EMAMIPAP,EMAMIPAP,,INE830C01026,Emami Paper Mills Limited
NSE:EMAMIREAL,EMAMIREAL,,INE778K01012,Emami Realty Limited
NSE:EMBDL,EMBDL,,INE069I01010,Embassy Developments Limited
NSE:EMCURE,EMCURE,,INE168P01015,Emcure Pharmaceuticals Limited
NSE:EMIL,EMIL,,INE02YR01019,Electronics Mart India Limited
NSE:EMKAY,EMKAY,,INE296H01011,Emkay Global Financial Services Limited
NSE:EMMBI,EMMBI,,INE753K01015,Emmbi Industries Limited
NSE:EMMVEE,EMMVEE,,INE1C6T01020,Emmvee Photovoltaic Power Limited
NSE:EMPOWER,EMPOWER,,INE507F01023,Empower India Limited
NSE:EMSLIMITED,EMSLIMITED,,INE0OV601013,EMS Limited
NSE:EMUDHRA,EMUDHRA,,INE01QM01018,eMudhra Limited
NSE:ENDURANCE,ENDURANCE,,INE913H01037,Endurance Technologies Limited
NSE:ENERGYDEV,ENERGYDEV,,INE306C01019,Energy Development Company Limited
NSE:ENGINERSIN,ENGINERSIN,,INE510A01028,Engineers India Limited
NSE:ENIL,ENIL,,INE265F01028,Entertainment Network (India) Limited
NSE:ENRIN,ENRIN,,INE1NPP01017,Siemens Energy India Limited
NSE:ENTERO,ENTERO,,INE010601016,Entero Healthcare Solutions Limited
NSE:EPACK,EPACK,,INE0G5901015,EPACK Durable Limited
NSE:EPACKPEB,EPACKPEB,,INE0MLS01022,EPack Prefab Technologies Limited
NSE:EPIGRAL,EPIGRAL,,INE071N01016,Epigral Limited
NSE:EPL,EPL,,INE255A01020,EPL Limited
NSE:EQUIPPP,EQUIPPP,,INE217G01035,Equippp Social Impact Technologies Limited
NSE:EQUITASBNK,EQUITASBNK,,INE063P01018,Equitas Small Finance Bank Limited
NSE:ERIS,ERIS,,INE406M01024,Eris Lifesciences Limited
NSE:ESABINDIA,ESABINDIA,,INE284A01012,Esab India Limited
NSE:ESAFSFB,ESAFSFB,,INE818W01011,ESAF Small Finance Bank Limited
NSE:ESCORTS,ESCORTS,,INE042A01014,Escorts Kubota Limited
NSE:ESSARSHPNG,ESSARSHPNG,,INE122M01019,Essar Shipping Limited
NSE:ESSENTIA,ESSENTIA,,INE418N01035,Integra Essentia Limited
NSE:ESTER,ESTER,,INE778B01029,Ester Industries Limited
NSE:ETERNAL,ETERNAL,,INE758T01015,ETERNAL LIMITED
NSE:ETHOSLTD,ETHOSLTD,,INE04TZ01018,Ethos Limited
NSE:EUREKAFORB,EUREKAFORB,,INE0KCE01017,Eureka Forbes Limited
NSE:EUROBOND,EUROBOND,,INE505V01016,Euro Panel Products Limited
NSE:EUROPRATIK,EUROPRATIK,,INE198501012,Euro Pratik Sales Limited
NSE:EUROTEXIND,EUROTEXIND,,INE022C01012,Eurotex Industries and Exports Limited
NSE:EVEREADY,EVEREADY,,INE128A01029,Eveready Industries India Limited
NSE:EVERESTIND,EVERESTIND,,INE295A01018,Everest Industries Limited
NSE:EXCELINDUS,EXCELINDUS,,INE369A01029,Excel Industries Limited
NSE:EXCELSOFT,EXCELSOFT,,INE606N01019,Excelsoft Technologies Limited
NSE:EXICOM,EXICOM,,INE777F01014,Exicom Tele-Systems Limited
NSE:EXIDEIND,EXIDEIND,,INE302A01020,Exide Industries Limited
NSE:EXPLEOSOL,EXPLEOSOL,,INE201K01015,Expleo Solutions Limited
NSE:EXXARO,EXXARO,,INE0GFE01026,Exxaro Tiles Limited
NSE:FABTECH,FABTECH,,INE0HF201011,Fabtech Technologies Limited
NSE:FACT,FACT,,INE188A01015,Fertilizers and Chemicals Travancore Limited
NSE:FAIRCHEMOR,FAIRCHEMOR,,INE0DNW01011,Fairchem Organics Limited
NSE:FAZE3Q,FAZE3Q,,INE963C01033,Faze Three Limited
NSE:FCL,FCL,,INE045J01034,Fineotex Chemical Limited
NSE:FCSSOFT,FCSSOFT,,INE512B01022,FCS Software Solutions Limited
NSE:FDC,FDC,,INE258B01022,FDC Limited
NSE:FEDDERSHOL,FEDDERSHOL,,INE417D01020,Fedders Holding Limited
NSE:FEDERALBNK,FEDERALBNK,,INE171A01029,The Federal Bank  Limited
NSE:FEDFINA,FEDFINA,,INE007N01010,Fedbank Financial Services Limited
NSE:FEL,FEL,,INE623B01027,Future Enterprises Limited
NSE:FELDVR,FELDVR,,IN9623B01058,Future Enterprises Limited
NSE:FERMENTA,FERMENTA,,INE225B01021,Fermenta Biotech Limited
NSE:FIBERWEB,FIBERWEB,,INE296C01020,Fiberweb (India) Limited
NSE:FIEMIND,FIEMIND,,INE737H01014,Fiem Industries Limited
NSE:FILATEX,FILATEX,,INE816B01035,Filatex India Limited
NSE:FILATFASH,FILATFASH,,INE185E01021,Filatex Fashions Limited
NSE:FINCABLES,FINCABLES,,INE235A01022,Finolex Cables Limited
NSE:FINEORG,FINEORG,,INE686Y01026,Fine Organic Industries Limited
NSE:FINKURVE,FINKURVE,,INE734I01027,Finkurve Financial Services Limited
NSE:FINOPB,FINOPB,,INE02NC01014,Fino Payments Bank Limited
NSE:FINPIPE,FINPIPE,,INE183A01024,Finolex Industries Limited
NSE:FIRSTCRY,FIRSTCRY,,INE02RE01045,Brainbees Solutions Limited
NSE:FISCHER,FISCHER,,INE771F01041,Fischer Medical Ventures Limited
NSE:FIVESTAR,FIVESTAR,,INE128S01021,Five-Star Business Finance Limited
NSE:FLAIR,FLAIR,,INE00Y201027,Flair Writing Industries Limited
NSE:FLEXITUFF,FLEXITUFF,,INE060J01017,Flexituff Ventures International Limited
NSE:FLFL,FLFL,,INE452O01016,Future Lifestyle Fashions Limited
NSE:FLUOROCHEM,FLUOROCHEM,,INE09N301011,Gujarat Fluorochemicals Limited
NSE:FMGOETZE,FMGOETZE,,INE529A01010,Federal-Mogul Goetze (India) Limited.
NSE:FMNL,FMNL,,INE360L01017,Future Market Networks Limited
NSE:FOCUS,FOCUS,,INE593W01028,Focus Lighting and Fixtures Limited
NSE:FOODSIN,FOODSIN,,INE976E01023,Foods & Inns Limited
NSE:FORCEMOT,FORCEMOT,,INE451A01017,FORCE MOTORS LTD
NSE:FORTIS,FORTIS,,INE061F01013,Fortis Healthcare Limited
NSE:FOSECOIND,FOSECOIND,,INE519A01011,Foseco India Limited
NSE:FRACTAL,FRACTAL,,INE212S01015,Fractal Analytics Limited
NSE:FRONTSP,FRONTSP,,INE572D01014,Frontier Springs Limited
NSE:FSL,FSL,,INE684F01012,Firstsource Solutions Limited
NSE:FUSION,FUSION,,INE139R01012,Fusion Finance Limited
NSE:GABRIEL,GABRIEL,,INE524A01029,Gabriel India Limited
NSE:GAEL,GAEL,,INE036B01030,Gujarat Ambuja Exports Limited
NSE:GAIL,GAIL,,INE129A01019,GAIL (India) Limited
NSE:GALAPREC,GALAPREC,,INE0RE001014,Gala Precision Engineering Limited
NSE:GALAXYSURF,GALAXYSURF,,INE600K01018,Galaxy Surfactants Limited
NSE:GALLANTT,GALLANTT,,INE297H01019,Gallantt Ispat Limited
NSE:GANDHAR,GANDHAR,,INE717W01049,Gandhar Oil Refinery (India) Limited
NSE:GANDHITUBE,GANDHITUBE,,INE524B01027,Gandhi Special Tubes Limited
NSE:GANECOS,GANECOS,,INE845D01014,Ganesha Ecosphere Limited
NSE:GANESHBE,GANESHBE,,INE388A01029,Ganesh Benzoplast Limited
NSE:GANESHCP,GANESHCP,,INE652V01016,Ganesh Consumer Products Limited
NSE:GANESHHOU,GANESHHOU,,INE460C01014,GANESH HOUSING LIMITED
NSE:GANGAFORGE,GANGAFORGE,,INE691Z01023,Ganga Forging Limited
NSE:GANGESSECU,GANGESSECU,,INE335W01016,Ganges Securities Limited
NSE:GARFIBRES,GARFIBRES,,INE276A01018,Garware Technical Fibres Limited
NSE:GARUDA,GARUDA,,INE0JVO01026,Garuda Construction and Engineering Limited
NSE:GATECH,GATECH,,INE224E01028,GACM Technologies Limited
NSE:GATECHDVR,GATECHDVR,,INE224E01036,GACM Technologies Limited
NSE:GATEWAY,GATEWAY,,INE079J01017,Gateway Distriparks Limited
NSE:GAUDIUMIVF,GAUDIUMIVF,,INE0P8B01020,Gaudium IVF and Women Health Limited
NSE:GAYAHWS,GAYAHWS,,INE287Z01012,Gayatri Highways Limited
NSE:GAYAPROJ,GAYAPROJ,,INE336H01023,Gayatri Projects Limited
NSE:GCSL,GCSL,,INE199P01028,Gretex Corporate Services Limited
NSE:GEECEE,GEECEE,,INE916G01016,GeeCee Ventures Limited
NSE:GEEKAYWIRE,GEEKAYWIRE,,INE669X01032,Geekay Wires Limited
NSE:GEMAROMA,GEMAROMA,,INE06XZ01023,Gem Aromatics Limited
NSE:GENCON,GENCON,,INE854S01022,Generic Engineering Construction and Projects Limited
NSE:GENESYS,GENESYS,,INE727B01026,Genesys International Corporation Limited
NSE:GENUSPAPER,GENUSPAPER,,INE949P01018,Genus Paper & Boards Limited
NSE:GENUSPOWER,GENUSPOWER,,INE955D01029,Genus Power Infrastructures Limited
NSE:GEOJITFSL,GEOJITFSL,,INE007B01023,Geojit Financial Services Limited
NSE:GESHIP,GESHIP,,INE017A01032,The Great Eastern Shipping Company Limited
NSE:GFLLIMITED,GFLLIMITED,,INE538A01037,GFL Limited
NSE:GHCL,GHCL,,INE539A01019,GHCL Limited
NSE:GHCLTEXTIL,GHCLTEXTIL,,INE0PA801013,GHCL Textiles Limited
NSE:GICHSGFIN,GICHSGFIN,,INE289B01019,GIC Housing Finance Limited
NSE:GICL,GICL,,INE947T01022,Globe International Carriers Limited
NSE:GICRE,GICRE,,INE481Y01014,General Insurance Corporation of India
NSE:GILLANDERS,GILLANDERS,,INE047B01011,Gillanders Arbuthnot & Company Limited
NSE:GILLETTE,GILLETTE,,INE322A01010,Gillette India Limited
NSE:GINNIFILA,GINNIFILA,,INE424C01010,Ginni Filaments Limited
NSE:GIPCL,GIPCL,,INE162A01010,Gujarat Industries Power Company Limited
NSE:GKENERGY,GKENERGY,,INE1AG301022,GK Energy Limited
NSE:GKSL,GKSL,,INE0V0W01025,Gujarat Kidney And Super Speciality Limited
NSE:GKWLIMITED,GKWLIMITED,,INE528A01020,GKW Limited
NSE:GLAND,GLAND,,INE068V01023,Gland Pharma Limited
NSE:GLAXO,GLAXO,,INE159A01016,GlaxoSmithKline Pharmaceuticals Limited
NSE:GLENMARK,GLENMARK,,INE935A01035,Glenmark Pharmaceuticals Limited
NSE:GLFL,GLFL,,INE540A01017,Gujarat Lease Financing Limited
NSE:GLOBAL,GLOBAL,,INE291W01037,Global Education Limited
NSE:GLOBALE,GLOBALE,,INE0URU01010,Globale Tessile Limited
NSE:GLOBALVECT,GLOBALVECT,,INE792H01019,Global Vectra Helicorp Limited
NSE:GLOBE,GLOBE,,INE581X01021,GLOBE ENTERPRISES (INDIA) LIMITED
NSE:GLOBECIVIL,GLOBECIVIL,,INE0V3U01015,Globe Civil Projects Limited
NSE:GLOBUSSPR,GLOBUSSPR,,INE615I01010,Globus Spirits Limited
NSE:GLOSTERLTD,GLOSTERLTD,,INE350Z01018,Gloster Limited
NSE:GLOTTIS,GLOTTIS,,INE0TQE01026,Glottis Limited
NSE:GMBREW,GMBREW,,INE075D01018,GM Breweries Limited
NSE:GMDCLTD,GMDCLTD,,INE131A01031,Gujarat Mineral Development Corporation Limited
NSE:GMMPFAUDLR,GMMPFAUDLR,,INE541A01023,GMM Pfaudler Limited
NSE:GMRAIRPORT,GMRAIRPORT,,INE776C01039,GMR AIRPORTS LIMITED
NSE:GMRP&UI,GMRP&UI,,INE0CU601026,GMR Power and Urban Infra Limited
NSE:GNA,GNA,,INE934S01014,GNA Axles Limited
NSE:GNFC,GNFC,,INE113A01013,Gujarat Narmada Valley Fertilizers and Chemicals Limited
NSE:GNRL,GNRL,,INE207H01018,Gujarat Natural Resources Limited
NSE:GOACARBON,GOACARBON,,INE426D01013,Goa Carbon Limited
NSE:GOCLCORP,GOCLCORP,,INE077F01035,GOCL Corporation Limited
NSE:GOCOLORS,GOCOLORS,,INE0BJS01011,Go Fashion (India) Limited
NSE:GODAVARIB,GODAVARIB,,INE497S01012,Godavari Biorefineries Limited
NSE:GODFRYPHLP,GODFRYPHLP,,INE260B01028,Godfrey Phillips India Limited
NSE:GODIGIT,GODIGIT,,INE03JT01014,Go Digit General Insurance Limited
NSE:GODREJAGRO,GODREJAGRO,,INE850D01014,Godrej Agrovet Limited
NSE:GODREJCP,GODREJCP,,INE102D01028,Godrej Consumer Products Limited
NSE:GODREJIND,GODREJIND,,INE233A01035,Godrej Industries Limited
NSE:GODREJPROP,GODREJPROP,,INE484J01027,Godrej Properties Limited
NSE:GOKEX,GOKEX,,INE887G01027,Gokaldas Exports Limited
NSE:GOKUL,GOKUL,,INE020J01029,Gokul Refoils and Solvent Limited
NSE:GOKULAGRO,GOKULAGRO,,INE314T01033,Gokul Agro Resources Limited
NSE:GOLDENTOBC,GOLDENTOBC,,INE973A01010,Golden Tobacco Limited
NSE:GOLDIAM,GOLDIAM,,INE025B01025,Goldiam International Limited
NSE:GOLDTECH,GOLDTECH,,INE805A01014,AION-TECH SOLUTIONS LIMITED
NSE:GOODLUCK,GOODLUCK,,INE127I01024,Goodluck India Limited
NSE:GOODYEAR,GOODYEAR,,INE533A01012,Goodyear India Limited
NSE:GOPAL,GOPAL,,INE0L9R01028,Gopal Snacks Limited
NSE:GOYALALUM,GOYALALUM,,INE705X01026,Goyal Aluminiums Limited
NSE:GPIL,GPIL,,INE177H01039,Godawari Power And Ispat limited
NSE:GPPL,GPPL,,INE517F01014,Gujarat Pipavav Port Limited
NSE:GPTHEALTH,GPTHEALTH,,INE486R01017,GPT Healthcare Limited
NSE:GPTINFRA,GPTINFRA,,INE390G01014,GPT Infraprojects Limited
NSE:GRADIENTE,GRADIENTE,,INE361K01017,Gradiente Infotainment Limited
NSE:GRANDOAK,GRANDOAK,,INE926B01016,Grand Oak Canyons Distillery Limited
NSE:GRANULES,GRANULES,,INE101D01020,Granules India Limited
NSE:GRAPHITE,GRAPHITE,,INE371A01025,Graphite India Limited
NSE:GRASIM,GRASIM,,INE047A01021,Grasim Industries Limited
NSE:GRAUWEIL,GRAUWEIL,,INE266D01021,Grauer & Weil India Limited
NSE:GRAVISSHO,GRAVISSHO,,INE214F01026,Graviss Hospitality Limited
NSE:GRAVITA,GRAVITA,,INE024L01027,Gravita India Limited
NSE:GREAVESCOT,GREAVESCOT,,INE224A01026,Greaves Cotton Limited
NSE:GREENLAM,GREENLAM,,INE544R01021,Greenlam Industries Limited
NSE:GREENPANEL,GREENPANEL,,INE08ZM01014,Greenpanel Industries Limited
NSE:GREENPLY,GREENPLY,,INE461C01038,Greenply Industries Limited
NSE:GREENPOWER,GREENPOWER,,INE999K01014,Orient Green Power Company Limited
NSE:GRINDWELL,GRINDWELL,,INE536A01023,Grindwell Norton Limited
NSE:GRINFRA,GRINFRA,,INE201P01022,G R Infraprojects Limited
NSE:GRMOVER,GRMOVER,,INE192H01020,GRM Overseas Limited
NSE:GROBTEA,GROBTEA,,INE646C01018,The Grob Tea Company Limited
NSE:GROWW,GROWW,,INE0HOQ01053,Billionbrains Garage Ventures Limited
NSE:GRPLTD,GRPLTD,,INE137I01015,GRP Limited
NSE:GRSE,GRSE,,INE382Z01011,Garden Reach Shipbuilders & Engineers Limited
NSE:GRWRHITECH,GRWRHITECH,,INE291A01017,Garware Hi-Tech Films Limited
NSE:GSFC,GSFC,,INE026A01025,Gujarat State Fertilizers & Chemicals Limited
NSE:GSLSU,GSLSU,,INE0JSX01015,Global Surfaces Limited
NSE:GSPCROP,GSPCROP,,INE713R01022,GSP Crop Science Limited
NSE:GSS,GSS,,INE871H01011,GSS Infotech Limited
NSE:GTECJAINX,GTECJAINX,,INE586X01012,G-TEC JAINX EDUCATION LIMITED
NSE:GTL,GTL,,INE043A01012,GTL Limited
NSE:GTLINFRA,GTLINFRA,,INE221H01019,GTL Infrastructure Limited
NSE:GTPL,GTPL,,INE869I01013,GTPL Hathway Limited
NSE:GUFICBIO,GUFICBIO,,INE742B01025,Gufic Biosciences Limited
NSE:GUJALKALI,GUJALKALI,,INE186A01019,Gujarat Alkalies and Chemicals Limited
NSE:GUJAPOLLO,GUJAPOLLO,,INE826C01016,Gujarat Apollo Industries Limited
NSE:GUJGASLTD,GUJGASLTD,,INE844O01030,Gujarat Gas Limited
NSE:GUJRAFFIA,GUJRAFFIA,,INE610B01024,Gujarat Raffia Industries Limited
NSE:GUJTHEM,GUJTHEM,,INE942C01045,Gujarat Themis Biosyn Limited
NSE:GULFOILLUB,GULFOILLUB,,INE635Q01029,Gulf Oil Lubricants India Limited
NSE:GULFPETRO,GULFPETRO,,INE586G01017,GP Petroleums Limited
NSE:GULPOLY,GULPOLY,,INE255D01024,Gulshan Polyols Limited
NSE:GVKPIL,GVKPIL,,INE251H01024,GVK Power & Infrastructure Limited
NSE:GVPIL,GVPIL,,INE878A01011,GE Power India Limited
NSE:GVPTECH,GVPTECH,,INE382T01030,GVP Infotech Limited
NSE:GVT&D,GVT&D,,INE200A01026,GE Vernova T&D India Limited
NSE:HAL,HAL,,INE066F01020,Hindustan Aeronautics Limited
NSE:HALDER,HALDER,,INE115S01010,Halder Venture Limited
NSE:HALDYNGL,HALDYNGL,,INE506D01020,Haldyn Glass Limited
NSE:HALEOSLABS,HALEOSLABS,,INE320X01016,HALEOS LABS LIMITED
NSE:HAPPSTMNDS,HAPPSTMNDS,,INE419U01012,Happiest Minds Technologies Limited
NSE:HAPPYFORGE,HAPPYFORGE,,INE330T01021,Happy Forgings Limited
NSE:HARDWYN,HARDWYN,,INE626Z01029,Hardwyn India Limited
NSE:HARIOMPIPE,HARIOMPIPE,,INE00EV01017,Hariom Pipe Industries Limited
NSE:HARRMALAYA,HARRMALAYA,,INE544A01019,Harrisons  Malayalam Limited
NSE:HARSHA,HARSHA,,INE0JUS01029,Harsha Engineers International Limited
NSE:HATHWAY,HATHWAY,,INE982F01036,Hathway Cable & Datacom Limited
NSE:HATSUN,HATSUN,,INE473B01035,Hatsun Agro Product Limited
NSE:HAVELLS,HAVELLS,,INE176B01034,Havells India Limited
NSE:HAVISHA,HAVISHA,,INE293B01029,Sri Havisha Hospitality and Infrastructure Limited
NSE:HAWKINCOOK,HAWKINCOOK,,INE979B01015,Hawkins Cookers Limited
NSE:HBESD,HBESD,,INE640B01021,HB Estate Developers Limited
NSE:HBLENGINE,HBLENGINE,,INE292B01021,HBL Engineering Limited
NSE:HBSL,HBSL,,INE550B01022,HB Stockholdings Limited
NSE:HCC,HCC,,INE549A01026,Hindustan Construction Company Limited
NSE:HCG,HCG,,INE075I01017,Healthcare Global Enterprises Limited
NSE:HCL-INSYS,HCL-INSYS,,INE236A01020,HCL Infosystems Limited
NSE:HCLTECH,HCLTECH,,INE860A01027,HCL Technologies Limited
NSE:HDBFS,HDBFS,,INE756I01012,HDB Financial Services Limited
NSE:HDFCAMC,HDFCAMC,,INE127D01025,HDFC Asset Management Company Limited
NSE:HDFCBANK,HDFCBANK,,INE040A01034,HDFC Bank Limited
NSE:HDFCLIFE,HDFCLIFE,,INE795G01014,HDFC Life Insurance Company Limited
NSE:HDIL,HDIL,,INE191I01012,Housing Development and Infrastructure Limited
NSE:HEADSUP,HEADSUP,,INE759V01019,Heads UP Ventures Limited
NSE:HEALTHX,HEALTHX,,INE019J01013,Health X Platform Limited
NSE:HECPROJECT,HECPROJECT,,INE558R01013,HEC Infra Projects Limited
NSE:HEG,HEG,,INE545A01024,HEG Limited
NSE:HEIDELBERG,HEIDELBERG,,INE578A01017,HeidelbergCement India Limited
NSE:HEMIPROP,HEMIPROP,,INE0AJG01018,Hemisphere Properties India Limited
NSE:HERANBA,HERANBA,,INE694N01015,Heranba Industries Limited
NSE:HERITGFOOD,HERITGFOOD,,INE978A01027,Heritage Foods Limited
NSE:HEROMOTOCO,HEROMOTOCO,,INE158A01026,Hero MotoCorp Limited
NSE:HESTERBIO,HESTERBIO,,INE782E01017,Hester Biosciences Limited
NSE:HEXAGON,HEXAGON,,INE0JUI01012,Hexagon Nutrition Limited
NSE:HEXATRADEX,HEXATRADEX,,INE750M01017,Hexa Tradex Limited
NSE:HEXT,HEXT,,INE093A01041,Hexaware Technologies Limited
NSE:HFCL,HFCL,,INE548A01028,HFCL Limited
NSE:HGINFRA,HGINFRA,,INE926X01010,H.G. Infra Engineering Limited
NSE:HGM,HGM,,INE596H01014,HandsOn Global Management (HGM) Limited
NSE:HGS,HGS,,INE170I01016,Hinduja Global Solutions Limited
NSE:HIKAL,HIKAL,,INE475B01022,Hikal Limited
NSE:HILINFRA,HILINFRA,,INE00RL01028,Highway Infrastructure Limited
NSE:HILTON,HILTON,,INE788H01017,Hilton Metal Forging Limited
NSE:HIMATSEIDE,HIMATSEIDE,,INE049A01027,Himatsingka Seide Limited
NSE:HINDALCO,HINDALCO,,INE038A01020,Hindalco Industries Limited
NSE:HINDCOMPOS,HINDCOMPOS,,INE310C01029,Hindustan Composites Limited
NSE:HINDCON,HINDCON,,INE642Y01029,Hindcon Chemicals Limited
NSE:HINDCOPPER,HINDCOPPER,,INE531E01026,Hindustan Copper Limited
NSE:HINDOILEXP,HINDOILEXP,,INE345A01011,Hindustan Oil Exploration Company Limited
NSE:HINDPETRO,HINDPETRO,,INE094A01015,Hindustan Petroleum Corporation Limited
NSE:HINDUNILVR,HINDUNILVR,,INE030A01027,Hindustan Unilever Limited
NSE:HINDWAREAP,HINDWAREAP,,INE05AN01011,Hindware Home Innovation Limited
NSE:HINDZINC,HINDZINC,,INE267A01025,Hindustan Zinc Limited
NSE:HIRECT,HIRECT,,INE835D01023,Hind Rectifiers Limited
NSE:HISARMETAL,HISARMETAL,,INE598C01011,Hisar Metal Industries Limited
NSE:HITECH,HITECH,,INE106T01025,Hi-Tech Pipes Limited
NSE:HITECHCORP,HITECHCORP,,INE120D01012,Hitech Corporation Limited
NSE:HITECHGEAR,HITECHGEAR,,INE127B01011,The Hi-Tech Gears Limited
NSE:HLEGLAS,HLEGLAS,,INE461D01028,HLE Glascoat Limited
NSE:HLVLTD,HLVLTD,,INE102A01024,HLV LIMITED
NSE:HMAAGRO,HMAAGRO,,INE0ECP01024,HMA Agro Industries Limited
NSE:HMT,HMT,,INE262A01018,HMT Limited
NSE:HMVL,HMVL,,INE871K01015,Hindustan Media Ventures Limited
NSE:HNDFDS,HNDFDS,,INE254N01026,Hindustan Foods Limited
NSE:HOMEFIRST,HOMEFIRST,,INE481N01025,Home First Finance Company India Limited
NSE:HONASA,HONASA,,INE0J5401028,Honasa Consumer Limited
NSE:HONAUT,HONAUT,,INE671A01010,Honeywell Automation India Limited
NSE:HONDAPOWER,HONDAPOWER,,INE634A01018,Honda India Power Products Limited
NSE:HPAL,HPAL,,INE0GSL01024,HP Adhesives Limited
NSE:HPIL,HPIL,,INE05X901010,Hindprakash Industries Limited
NSE:HPL,HPL,,INE495S01016,HPL Electric & Power Limited
NSE:HSCL,HSCL,,INE019C01026,Himadri Speciality Chemical Limited
NSE:HTMEDIA,HTMEDIA,,INE501G01024,HT Media Limited
NSE:HUBTOWN,HUBTOWN,,INE703H01016,Hubtown Limited
NSE:HUDCO,HUDCO,,INE031A01017,Housing & Urban Development Corporation Limited
NSE:HUHTAMAKI,HUHTAMAKI,,INE275B01026,Huhtamaki India Limited
NSE:HYBRIDFIN,HYBRIDFIN,,INE965B01022,Hybrid Financial Services Limited
NSE:HYUNDAI,HYUNDAI,,INE0V6F01027,Hyundai Motor India Limited
NSE:IBULLSLTD,IBULLSLTD,,INE126M01010,Indiabulls Limited
NSE:ICDSLTD,ICDSLTD,,INE613B01010,ICDS Limited
NSE:ICEMAKE,ICEMAKE,,INE520Y01019,Ice Make Refrigeration Limited
NSE:ICICIAMC,ICICIAMC,,INE346A01027,ICICI Prudential Asset Management Company Limited
NSE:ICICIBANK,ICICIBANK,,INE090A01021,ICICI Bank Limited
NSE:ICICIGI,ICICIGI,,INE765G01017,ICICI Lombard General Insurance Company Limited
NSE:ICICIPRULI,ICICIPRULI,,INE726G01019,ICICI Prudential Life Insurance Company Limited
NSE:ICIL,ICIL,,INE483B01026,Indo Count Industries Limited
NSE:ICRA,ICRA,,INE725G01011,ICRA Limited
NSE:IDBI,IDBI,,INE008A01015,IDBI Bank Limited
NSE:IDEA,IDEA,,INE669E01016,Vodafone Idea Limited
NSE:IDEAFORGE,IDEAFORGE,,INE349Y01013,Ideaforge Technology Limited
NSE:IDFCFIRSTB,IDFCFIRSTB,,INE092T01019,IDFC First Bank Limited
NSE:IEX,IEX,,INE022Q01020,Indian Energy Exchange Limited
NSE:IFBAGRO,IFBAGRO,,INE076C01018,IFB Agro Industries Limited
NSE:IFBIND,IFBIND,,INE559A01017,IFB Industries Limited
NSE:IFCI,IFCI,,INE039A01010,IFCI Limited
NSE:IFGLEXPOR,IFGLEXPOR,,INE133Y01011,IFGL Refractories Limited
NSE:IGARASHI,IGARASHI,,INE188B01013,Igarashi Motors India Limited
NSE:IGCL,IGCL,,INE05J901018,Indogulf Cropsciences Limited
NSE:IGIL,IGIL,,INE0Q9301021,International Gemological Institute Limited
NSE:IGL,IGL,,INE203G01027,Indraprastha Gas Limited
NSE:IGPL,IGPL,,INE204A01010,IG Petrochemicals Limited
NSE:IIFL,IIFL,,INE530B01024,IIFL Finance Limited
NSE:IIFLCAPS,IIFLCAPS,,INE489L01022,IIFL Capital Services Limited
NSE:IITL,IITL,,INE886A01014,Industrial Investment Trust Limited
NSE:IKIO,IKIO,,INE0LOJ01019,IKIO Technologies Limited
NSE:IKS,IKS,,INE115Q01022,Inventurus Knowledge Solutions Limited
NSE:IL&FSENGG,IL&FSENGG,,INE369I01014,IL&FS Engineering and Construction Company Limited
NSE:IL&FSTRANS,IL&FSTRANS,,INE975G01012,IL&FS Transportation Networks Limited
NSE:IMAGICAA,IMAGICAA,,INE172N01012,Imagicaaworld Entertainment Limited
NSE:IMFA,IMFA,,INE919H01018,Indian Metals & Ferro Alloys Limited
NSE:IMPAL,IMPAL,,INE547E01014,India Motor Parts and Accessories Limited
NSE:INA,INA,,INE0LGX01024,Insolation Energy Limited
NSE:INCREDIBLE,INCREDIBLE,,INE452L01012,INCREDIBLE INDUSTRIES LIMITED
NSE:INDBANK,INDBANK,,INE841B01017,Indbank Merchant Banking Services Limited
NSE:INDGN,INDGN,,INE065X01017,Indegene Limited
NSE:INDHOTEL,INDHOTEL,,INE053A01029,The Indian Hotels Company Limited
NSE:INDIACEM,INDIACEM,,INE383A01012,The India Cements Limited
NSE:INDIAGLYCO,INDIAGLYCO,,INE560A01023,India Glycols Limited
NSE:INDIAMART,INDIAMART,,INE933S01016,Indiamart Intermesh Limited
NSE:INDIANB,INDIANB,,INE562A01011,Indian Bank
NSE:INDIANCARD,INDIANCARD,,INE061A01014,Indian Card Clothing Company Limited
NSE:INDIANHUME,INDIANHUME,,INE323C01030,Indian Hume Pipe Company Limited
NSE:INDIASHLTR,INDIASHLTR,,INE922K01024,India Shelter Finance Corporation Limited
NSE:INDIGO,INDIGO,,INE646L01027,InterGlobe Aviation Limited
NSE:INDIGOPNTS,INDIGOPNTS,,INE09VQ01012,Indigo Paints Limited
NSE:INDIQUBE,INDIQUBE,,INE06ST01018,Indiqube Spaces Limited
NSE:INDNIPPON,INDNIPPON,,INE092B01025,India Nippon Electricals Limited
NSE:INDOAMIN,INDOAMIN,,INE760F01028,Indo Amines Limited
NSE:INDOBORAX,INDOBORAX,,INE803D01021,Indo Borax & Chemicals Limited
NSE:INDOCO,INDOCO,,INE873D01024,Indoco Remedies Limited
NSE:INDOFARM,INDOFARM,,INE622H01018,Indo Farm Equipment Limited
NSE:INDORAMA,INDORAMA,,INE156A01020,Indo Rama Synthetics (India) Limited
NSE:INDOSTAR,INDOSTAR,,INE896L01010,IndoStar Capital Finance Limited
NSE:INDOTECH,INDOTECH,,INE332H01014,Indo Tech Transformers Limited
NSE:INDOTHAI,INDOTHAI,,INE337M01021,Indo Thai Securities Limited
NSE:INDOUS,INDOUS,,INE250Z01010,Indo Us Biotech Limited
NSE:INDOWIND,INDOWIND,,INE227G01018,Indowind Energy Limited
NSE:INDPRUD,INDPRUD,,INE620D01011,Industrial & Prudential Investment Company Limited
NSE:INDRAMEDCO,INDRAMEDCO,,INE681B01017,Indraprastha Medical Corporation Limited
NSE:INDSWFTLAB,INDSWFTLAB,,INE915B01019,Ind-Swift Laboratories Limited
NSE:INDTERRAIN,INDTERRAIN,,INE611L01021,Indian Terrain Fashions Limited
NSE:INDUSINDBK,INDUSINDBK,,INE095A01012,IndusInd Bank Limited
NSE:INDUSTOWER,INDUSTOWER,,INE121J01017,Indus Towers Limited
NSE:INFOBEAN,INFOBEAN,,INE344S01016,InfoBeans Technologies Limited
NSE:INFOMEDIA,INFOMEDIA,,INE669A01022,Infomedia Press Limited
NSE:INFY,INFY,,INE009A01021,Infosys Limited
NSE:INGERRAND,INGERRAND,,INE177A01018,Ingersoll Rand (India) Limited
NSE:INNOVACAP,INNOVACAP,,INE0DUT01020,Innova Captab Limited
NSE:INNOVANA,INNOVANA,,INE403Y01018,Innovana Thinklabs Limited
NSE:INNOVISION,INNOVISION,,INE0ADB01012,Innovision Limited
NSE:INOXGREEN,INOXGREEN,,INE510W01014,Inox Green Energy Services Limited
NSE:INOXINDIA,INOXINDIA,,INE616N01034,INOX India Limited
NSE:INOXWIND,INOXWIND,,INE066P01011,Inox Wind Limited
NSE:INSECTICID,INSECTICID,,INE070I01018,Insecticides (India) Limited
NSE:INSPIRISYS,INSPIRISYS,,INE020G01017,Inspirisys Solutions Limited
NSE:INTELLECT,INTELLECT,,INE306R01017,Intellect Design Arena Limited
NSE:INTENTECH,INTENTECH,,INE781A01025,Intense Technologies Limited
NSE:INTERARCH,INTERARCH,,INE00M901018,Interarch Building Solutions Limited
NSE:INTLCONV,INTLCONV,,INE575C01027,International Conveyors Limited
NSE:INVENTURE,INVENTURE,,INE878H01024,Inventure Growth & Securities Limited
NSE:INVPRECQ,INVPRECQ,,INE155E01016,Investment & Precision Castings Limited
NSE:IOB,IOB,,INE565A01014,Indian Overseas Bank
NSE:IOC,IOC,,INE242A01010,Indian Oil Corporation Limited
NSE:IOLCP,IOLCP,,INE485C01029,IOL Chemicals and Pharmaceuticals Limited
NSE:IONEXCHANG,IONEXCHANG,,INE570A01022,ION Exchange (India) Limited
NSE:IPCALAB,IPCALAB,,INE571A01038,IPCA Laboratories Limited
NSE:IPL,IPL,,INE0D6701023,India Pesticides Limited
NSE:IRB,IRB,,INE821I01022,IRB Infrastructure Developers Limited
NSE:IRCON,IRCON,,INE962Y01021,Ircon International Limited
NSE:IRCTC,IRCTC,,INE335Y01020,Indian Railway Catering And Tourism Corporation Limited
NSE:IREDA,IREDA,,INE202E01016,Indian Renewable Energy Development Agency Limited
NSE:IRFC,IRFC,,INE053F01010,Indian Railway Finance Corporation Limited
NSE:IRIS,IRIS,,INE864K01010,IRIS RegTech Solutions Limited
NSE:IRISDOREME,IRISDOREME,,INE01GN01025,Iris Clothings Limited
NSE:IRMENERGY,IRMENERGY,,INE07U701015,IRM Energy Limited
NSE:ISFT,ISFT,,INE566K01011,Intrasoft Technologies Limited
NSE:ISGEC,ISGEC,,INE858B01029,Isgec Heavy Engineering Limited
NSE:ISHANCH,ISHANCH,,INE561M01018,Ishan Dyes and Chemicals Limited
NSE:ITC,ITC,,INE154A01025,ITC Limited
NSE:ITCHOTELS,ITCHOTELS,,INE379A01028,ITC Hotels Limited
NSE:ITDC,ITDC,,INE353K01014,India Tourism Development Corporation Limited
NSE:ITI,ITI,,INE248A01017,ITI Limited
NSE:IVALUE,IVALUE,,INE056801025,Ivalue Infosolutions Limited
NSE:IVC,IVC,,INE050B01023,IL&FS Investment Managers Limited
NSE:IVP,IVP,,INE043C01018,IVP Limited
NSE:IWP,IWP,,INE586E01020,The Indian Wood Products Company Limited
NSE:IXIGO,IXIGO,,INE0HV901016,Le Travenues Technology Limited
NSE:IZMO,IZMO,,INE848A01014,IZMO Limited
NSE:J&KBANK,J&KBANK,,INE168A01041,The Jammu & Kashmir Bank Limited
NSE:JAGRAN,JAGRAN,,INE199G01027,Jagran Prakashan Limited
NSE:JAGSNPHARM,JAGSNPHARM,,INE048B01035,Jagsonpal Pharmaceuticals Limited
NSE:JAIBALAJI,JAIBALAJI,,INE091G01026,Jai Balaji Industries Limited
NSE:JAICORPLTD,JAICORPLTD,,INE070D01027,Jai Corp Limited
NSE:JAINREC,JAINREC,,INE0YD401026,Jain Resource Recycling Limited
NSE:JAIPURKURT,JAIPURKURT,,INE696V01013,Nandani Creation Limited
NSE:JAMNAAUTO,JAMNAAUTO,,INE039C01032,Jamna Auto Industries Limited
NSE:JARO,JARO,,INE00YJ01010,Jaro Institute of Technology Management and Research Limited
NSE:JASH,JASH,,INE039O01029,Jash Engineering Limited
NSE:JAYAGROGN,JAYAGROGN,,INE785A01026,Jayant Agro Organics Limited
NSE:JAYBARMARU,JAYBARMARU,,INE571B01036,Jay Bharat Maruti Limited
NSE:JAYKAY,JAYKAY,,INE903A01025,Jaykay Enterprises Limited
NSE:JAYNECOIND,JAYNECOIND,,INE854B01010,Jayaswal Neco Industries Limited
NSE:JAYSREETEA,JAYSREETEA,,INE364A01020,Jayshree Tea & Industries Limited
NSE:JBCHEPHARM,JBCHEPHARM,,INE572A01036,JB Chemicals & Pharmaceuticals Limited
NSE:JBMA,JBMA,,INE927D01051,JBM Auto Limited
NSE:JETFREIGHT,JETFREIGHT,,INE982V01025,Jet Freight Logistics Limited
NSE:JGCHEM,JGCHEM,,INE0MB501011,J.G.Chemicals Limited
NSE:JHS,JHS,,INE544H01014,JHS Svendgaard Laboratories Limited
NSE:JINDALPHOT,JINDALPHOT,,INE796G01012,Jindal Photo Limited
NSE:JINDALPOLY,JINDALPOLY,,INE197D01010,Jindal Poly Films Limited
NSE:JINDALSAW,JINDALSAW,,INE324A01032,Jindal Saw Limited
NSE:JINDALSTEL,JINDALSTEL,,INE749A01030,JINDAL STEEL LIMITED
NSE:JINDRILL,JINDRILL,,INE742C01031,Jindal Drilling And Industries Limited
NSE:JINDWORLD,JINDWORLD,,INE247D01039,Jindal Worldwide Limited
NSE:JIOFIN,JIOFIN,,INE758E01017,Jio Financial Services Limited
NSE:JISLDVREQS,JISLDVREQS,,IN9175A01010,Jain Irrigation Systems Limited
NSE:JISLJALEQS,JISLJALEQS,,INE175A01038,Jain Irrigation Systems Limited
NSE:JITFINFRA,JITFINFRA,,INE863T01013,JITF Infralogistics Limited
NSE:JKCEMENT,JKCEMENT,,INE823G01014,JK Cement Limited
NSE:JKIL,JKIL,,INE576I01022,J.Kumar Infraprojects Limited
NSE:JKIPL,JKIPL,,INE1FF001016,Jinkushal Industries Limited
NSE:JKLAKSHMI,JKLAKSHMI,,INE786A01032,JK Lakshmi Cement Limited
NSE:JKPAPER,JKPAPER,,INE789E01012,JK Paper Limited
NSE:JKTYRE,JKTYRE,,INE573A01042,JK Tyre & Industries Limited
NSE:JLHL,JLHL,,INE682M01012,Jupiter Life Line Hospitals Limited
NSE:JMA,JMA,,INE412C01023,Jullundur Motor Agency (Delhi) Limited
NSE:JMFINANCIL,JMFINANCIL,,INE780C01023,JM Financial Limited
NSE:JNKINDIA,JNKINDIA,,INE0OAF01028,JNK India Limited
NSE:JOCIL,JOCIL,,INE839G01010,Jocil Limited
NSE:JPOLYINVST,JPOLYINVST,,INE147P01019,Jindal Poly Investment and Finance Company Limited
NSE:JPPOWER,JPPOWER,,INE351F01018,Jaiprakash Power Ventures Limited
NSE:JSFB,JSFB,,INE953L01027,Jana Small Finance Bank Limited
NSE:JSL,JSL,,INE220G01021,Jindal Stainless Limited
NSE:JSLL,JSLL,,INE0J5801029,Jeena Sikho Lifecare Limited
NSE:JSWCEMENT,JSWCEMENT,,INE718I01012,JSW Cement Limited
NSE:JSWDULUX,JSWDULUX,,INE133A01011,JSW Dulux Limited
NSE:JSWENERGY,JSWENERGY,,INE121E01018,JSW Energy Limited
NSE:JSWHL,JSWHL,,INE824G01012,JSW Holdings Limited
NSE:JSWINFRA,JSWINFRA,,INE880J01026,JSW Infrastructure Limited
NSE:JSWSTEEL,JSWSTEEL,,INE019A01038,JSW Steel Limited
NSE:JTEKTINDIA,JTEKTINDIA,,INE643A01035,Jtekt India Limited
NSE:JTLIND,JTLIND,,INE391J01032,JTL INDUSTRIES LIMITED
NSE:JUBLCPL,JUBLCPL,,INE03CC01015,Jubilant Agri and Consumer Products Limited
NSE:JUBLFOOD,JUBLFOOD,,INE797F01020,Jubilant Foodworks Limited
NSE:JUBLINGREA,JUBLINGREA,,INE0BY001018,Jubilant Ingrevia Limited
NSE:JUBLPHARMA,JUBLPHARMA,,INE700A01033,Jubilant Pharmova Limited
NSE:JUNIPER,JUNIPER,,INE696F01016,Juniper Hotels Limited
NSE:JUSTDIAL,JUSTDIAL,,INE599M01018,Just Dial Limited
NSE:JWL,JWL,,INE209L01016,Jupiter Wagons Limited
NSE:JYOTHYLAB,JYOTHYLAB,,INE668F01031,Jyothy Labs Limited
NSE:JYOTICNC,JYOTICNC,,INE980O01024,Jyoti CNC Automation Limited
NSE:JYOTISTRUC,JYOTISTRUC,,INE197A01024,Jyoti Structures Limited
NSE:KABRAEXTRU,KABRAEXTRU,,INE900B01029,Kabra Extrusion Technik Limited
NSE:KAJARIACER,KAJARIACER,,INE217B01036,Kajaria Ceramics Limited
NSE:KAKATCEM,KAKATCEM,,INE437B01014,Kakatiya Cement Sugar & Industries Limited
NSE:KALAMANDIR,KALAMANDIR,,INE438K01021,Sai Silks (Kalamandir) Limited
NSE:KALPATARU,KALPATARU,,INE227J01012,Kalpataru Limited
NSE:KALYANI,KALYANI,,INE610E01010,Kalyani Commercials Limited
NSE:KALYANIFRG,KALYANIFRG,,INE314G01014,Kalyani Forge Limited
NSE:KALYANKJIL,KALYANKJIL,,INE303R01014,Kalyan Jewellers India Limited
NSE:KAMAHOLD,KAMAHOLD,,INE411F01010,Kama Holdings Limited
NSE:KAMATHOTEL,KAMATHOTEL,,INE967C01018,Kamat Hotels (I) Limited
NSE:KAMDHENU,KAMDHENU,,INE390H01020,Kamdhenu Limited
NSE:KAMOPAINTS,KAMOPAINTS,,INE0BTI01037,Kamdhenu Ventures Limited
NSE:KANANIIND,KANANIIND,,INE879E01037,Kanani Industries Limited
NSE:KANCHI,KANCHI,,INE081G01019,Kanchi Karpooram Limited
NSE:KANORICHEM,KANORICHEM,,INE138C01024,Kanoria Chemicals & Industries Limited
NSE:KANPRPLA,KANPRPLA,,INE694E01014,Kanpur Plastipack Limited
NSE:KANSAINER,KANSAINER,,INE531A01024,Kansai Nerolac Paints Limited
NSE:KAPSTON,KAPSTON,,INE542Z01028,Kapston Services Limited
NSE:KARMAENG,KARMAENG,,INE725L01011,Karma Energy Limited
NSE:KARURVYSYA,KARURVYSYA,,INE036D01028,Karur Vysya Bank Limited
NSE:KAUSHALYA,KAUSHALYA,,INE234I01028,Kaushalya Infrastructure Development Corporation Limited
NSE:KAVDEFENCE,KAVDEFENCE,,INE641C01019,Kavveri Defence & Wireless Technologies Limited
NSE:KAYA,KAYA,,INE587G01015,Kaya Limited
NSE:KAYNES,KAYNES,,INE918Z01012,Kaynes Technology India Limited
NSE:KCP,KCP,,INE805C01028,KCP Limited
NSE:KCPSUGIND,KCPSUGIND,,INE790B01024,KCP Sugar and Industries Corporation Limited
NSE:KDDL,KDDL,,INE291D01011,KDDL Limited
NSE:KEC,KEC,,INE389H01022,KEC International Limited
NSE:KECL,KECL,,INE134B01017,Kirloskar Electric Company Limited
NSE:KEEPLEARN,KEEPLEARN,,INE055C01020,DSJ Keep Learning Limited
NSE:KEI,KEI,,INE878B01027,KEI Industries Limited
NSE:KELLTONTEC,KELLTONTEC,,INE164B01030,Kellton Tech Solutions Limited
NSE:KENNAMET,KENNAMET,,INE717A01029,Kennametal India Limited
NSE:KERNEX,KERNEX,,INE202H01019,Kernex Microsystems (India) Limited
NSE:KESORAMIND,KESORAMIND,,INE087A01019,Kesoram Industries Limited
NSE:KEYFINSERV,KEYFINSERV,,INE681C01015,Keynote Financial Services Limited
NSE:KFINTECH,KFINTECH,,INE138Y01010,Kfin Technologies Limited
NSE:KHADIM,KHADIM,,INE834I01025,Khadim India Limited
NSE:KHAICHEM,KHAICHEM,,INE745B01028,Khaitan Chemicals & Fertilizers Limited
NSE:KHAITANLTD,KHAITANLTD,,INE731C01018,Khaitan (India) Limited
NSE:KHANDSE,KHANDSE,,INE060B01014,Khandwala Securities Limited
NSE:KICL,KICL,,INE029L01018,Kalyani Investment Company Limited
NSE:KILITCH,KILITCH,,INE729D01010,Kilitch Drugs (India) Limited
NSE:KIMS,KIMS,,INE967H01025,Krishna Institute of Medical Sciences Limited
NSE:KINGFA,KINGFA,,INE473D01015,Kingfa Science & Technology (India) Limited
NSE:KIOCL,KIOCL,,INE880L01014,KIOCL Limited
NSE:KIRANVYPAR,KIRANVYPAR,,INE555P01013,Kiran Vyapar Limited
NSE:KIRIINDUS,KIRIINDUS,,INE415I01015,Kiri Industries Limited
NSE:KIRLFER,KIRLFER,,INE884B01025,Kirloskar Ferrous Industries Limited
NSE:KIRLOSBROS,KIRLOSBROS,,INE732A01036,Kirloskar Brothers Limited
NSE:KIRLOSENG,KIRLOSENG,,INE146L01010,Kirloskar Oil Engines Limited
NSE:KIRLOSIND,KIRLOSIND,,INE250A01039,Kirloskar Industries Limited
NSE:KIRLPNU,KIRLPNU,,INE811A01020,Kirloskar Pneumatic Company Limited
NSE:KISSHT,KISSHT,,INE12F801023,OnEMI Technology Solutions Limited
NSE:KITEX,KITEX,,INE602G01020,Kitex Garments Limited
NSE:KKCL,KKCL,,INE401H01017,Kewal Kiran Clothing Limited
NSE:KLBRENG-B,KLBRENG-B,,INE338F01015,Kilburn Engineering Limited
NSE:KMEW,KMEW,,INE0CJD01029,Knowledge Marine & Engineering Works Limited
NSE:KMSUGAR,KMSUGAR,,INE157H01023,K.M.Sugar Mills Limited
NSE:KNAGRI,KNAGRI,,INE0KNW01016,KN Agri Resources Limited
NSE:KNRCON,KNRCON,,INE634I01029,KNR Constructions Limited
NSE:KOHINOOR,KOHINOOR,,INE080B01012,Kohinoor Foods Limited
NSE:KOKUYOCMLN,KOKUYOCMLN,,INE760A01029,Kokuyo Camlin Limited
NSE:KOLTEPATIL,KOLTEPATIL,,INE094I01018,Kolte - Patil Developers Limited
NSE:KOPRAN,KOPRAN,,INE082A01010,Kopran Limited
NSE:KOTAKBANK,KOTAKBANK,,INE237A01036,Kotak Mahindra Bank Limited
NSE:KOTARISUG,KOTARISUG,,INE419A01022,Kothari Sugars And Chemicals Limited
NSE:KOTHARIPET,KOTHARIPET,,INE720A01015,Kothari Petrochemicals Limited
NSE:KOTHARIPRO,KOTHARIPRO,,INE823A01017,Kothari Products Limited
NSE:KOTIC,KOTIC,,INE972A01020,Kothari Industrial Corporation Limited
NSE:KOTYARK,KOTYARK,,INE0J0B01017,Kotyark Industries Limited
NSE:KOVAI,KOVAI,,INE177F01017,Kovai Medical Center & Hospital Limited
NSE:KPEL,KPEL,,INE127T01021,K.P. Energy Limited
NSE:KPIGREEN,KPIGREEN,,INE542W01025,KPI Green Energy Limited
NSE:KPIL,KPIL,,INE220B01022,Kalpataru Projects International Limited
NSE:KPITTECH,KPITTECH,,INE04I401011,KPIT Technologies Limited
NSE:KPL,KPL,,INE552U01010,Kwality Pharmaceuticals Limited
NSE:KPRMILL,KPRMILL,,INE930H01031,K.P.R. Mill Limited
NSE:KRBL,KRBL,,INE001B01026,KRBL Limited
NSE:KREBSBIO,KREBSBIO,,INE268B01013,Krebs Biochemicals and Industries Limited
NSE:KRIDHANINF,KRIDHANINF,,INE524L01026,Kridhan Infra Limited
NSE:KRISHANA,KRISHANA,,INE506W01012,Krishana Phoschem Limited
NSE:KRISHIVAL,KRISHIVAL,,INE0GGO01015,Krishival Foods Limited
NSE:KRISHNADEF,KRISHNADEF,,INE0J5601015,Krishna Defence And Allied Industries Limited
NSE:KRITI,KRITI,,INE479D01038,Kriti Industries (India) Limited
NSE:KRITIKA,KRITIKA,,INE00Z501029,Kritika Wires Limited
NSE:KRITINUT,KRITINUT,,INE798K01010,Kriti Nutrients Limited
NSE:KRN,KRN,,INE0Q3J01015,KRN Heat Exchanger and Refrigeration Limited
NSE:KRONOX,KRONOX,,INE0ATZ01017,Kronox Lab Sciences Limited
NSE:KROSS,KROSS,,INE0O6601022,Kross Limited
NSE:KRSNAA,KRSNAA,,INE08LI01020,Krsnaa Diagnostics Limited
NSE:KRYSTAL,KRYSTAL,,INE0QN801017,Krystal Integrated Services Limited
NSE:KSB,KSB,,INE999A01023,Ksb Limited
NSE:KSCL,KSCL,,INE455I01029,Kaveri Seed Company Limited
NSE:KSHINTL,KSHINTL,,INE987S01020,KSH International Limited
NSE:KSHITIJPOL,KSHITIJPOL,,INE013801027,Kshitij Polyline Limited
NSE:KSL,KSL,,INE907A01026,Kalyani Steels Limited
NSE:KSOLVES,KSOLVES,,INE0D6I01023,Ksolves India Limited
NSE:KSR,KSR,,INE1SPP01016,KSR Footwear Limited
NSE:KTKBANK,KTKBANK,,INE614B01018,The Karnataka Bank Limited
NSE:KUANTUM,KUANTUM,,INE529I01021,Kuantum Papers Limited
NSE:KWIL,KWIL,,INE2KCE01013,Kwality Wall's (India) Limited
NSE:LAGNAM,LAGNAM,,INE548Z01017,Lagnam Spintex Limited
NSE:LAHOTIOV,LAHOTIOV,,INE515C01023,Lahoti Overseas Limited
NSE:LAKPRE,LAKPRE,,INE651C01018,Lakshmi Precision Screws Limited
NSE:LAL,LAL,,INE740X01023,Lorenzini Apparels Limited
NSE:LALPATHLAB,LALPATHLAB,,INE600L01024,Dr. Lal Path Labs Ltd.
NSE:LAMBODHARA,LAMBODHARA,,INE112F01022,Lambodhara Textiles Limited
NSE:LANCORHOL,LANCORHOL,,INE572G01025,Lancor Holdings Limited
NSE:LANDMARK,LANDMARK,,INE559R01029,Landmark Cars Limited
NSE:LANDSMILL,LANDSMILL,,INE688J01023,Landsmill Green Limited
NSE:LAOPALA,LAOPALA,,INE059D01020,La Opala RG Limited
NSE:LASA,LASA,,INE670X01014,Lasa Supergenerics Limited
NSE:LATENTVIEW,LATENTVIEW,,INE0I7C01011,Latent View Analytics Limited
NSE:LATTEYS,LATTEYS,,INE262Z01023,Latteys Industries Limited
NSE:LAURUSLABS,LAURUSLABS,,INE947Q01028,Laurus Labs Limited
NSE:LAXMICOT,LAXMICOT,,INE801V01019,Laxmi Cotspin Limited
NSE:LAXMIDENTL,LAXMIDENTL,,INE0WO601020,Laxmi Dental Limited
NSE:LAXMIINDIA,LAXMIINDIA,,INE06WU01026,Laxmi India Finance Limited
NSE:LCCINFOTEC,LCCINFOTEC,,INE938A01021,LCC Infotech Limited
NSE:LEMERITE,LEMERITE,,INE0G1L01025,Le Merite Exports Limited
NSE:LEMONTREE,LEMONTREE,,INE970X01018,Lemon Tree Hotels Limited
NSE:LENSKART,LENSKART,,INE956O01016,Lenskart Solutions Limited
NSE:LEXUS,LEXUS,,INE500X01013,Lexus Granito (India) Limited
NSE:LFIC,LFIC,,INE850E01012,Lakshmi Finance & Industrial Corporation Limited
NSE:LGBBROSLTD,LGBBROSLTD,,INE337A01034,LG Balakrishnan & Bros Limited
NSE:LGEINDIA,LGEINDIA,,INE324D01010,LG Electronics India Limited
NSE:LGHL,LGHL,,INE258Y01016,Laxmi Goldorna House Limited
NSE:LIBAS,LIBAS,,INE908V01012,Libas Consumer Products Limited
NSE:LIBERTSHOE,LIBERTSHOE,,INE557B01019,Liberty Shoes Limited
NSE:LICHSGFIN,LICHSGFIN,,INE115A01026,LIC Housing Finance Limited
NSE:LICI,LICI,,INE0J1Y01017,Life Insurance Corporation Of India
NSE:LIKHITHA,LIKHITHA,,INE060901027,Likhitha Infrastructure Limited
NSE:LINC,LINC,,INE802B01027,Linc Limited
NSE:LINCOLN,LINCOLN,,INE405C01035,Lincoln Pharmaceuticals Limited
NSE:LINDEINDIA,LINDEINDIA,,INE473A01011,Linde India Limited
NSE:LLOYDSENGG,LLOYDSENGG,,INE093R01011,LLOYDS ENGINEERING WORKS LIMITED
NSE:LLOYDSENT,LLOYDSENT,,INE080I01025,Lloyds Enterprises Limited
NSE:LLOYDSME,LLOYDSME,,INE281B01032,Lloyds Metals And Energy Limited
NSE:LMW,LMW,,INE269B01029,LMW Limited
NSE:LODHA,LODHA,,INE670K01029,Lodha Developers Limited
NSE:LOKESHMACH,LOKESHMACH,,INE397H01017,Lokesh Machines Limited
NSE:LORDSCHLO,LORDSCHLO,,INE846D01012,Lords Chloro Alkali Limited
NSE:LOTUSDEV,LOTUSDEV,,INE0V9Q01010,Sri Lotus Developers and Realty Limited
NSE:LOTUSEYE,LOTUSEYE,,INE947I01017,Lotus Eye Hospital and Institute Limited
NSE:LOVABLE,LOVABLE,,INE597L01014,Lovable Lingerie Limited
NSE:LOYALTEX,LOYALTEX,,INE970D01010,Loyal Textile Mills Limited
NSE:LPDC,LPDC,,INE197J01017,Landmark Property Development Company Limited
NSE:LT,LT,,INE018A01030,Larsen & Toubro Limited
NSE:LTF,LTF,,INE498L01015,L&T Finance Limited
NSE:LTFOODS,LTFOODS,,INE818H01020,LT Foods Limited
NSE:LTM,LTM,,INE214T01019,LTM Limited
NSE:LTTS,LTTS,,INE010V01017,L&T Technology Services Limited
NSE:LUMAXIND,LUMAXIND,,INE162B01018,Lumax Industries Limited
NSE:LUMAXTECH,LUMAXTECH,,INE872H01027,Lumax Auto Technologies Limited
NSE:LUPIN,LUPIN,,INE326A01037,Lupin Limited
NSE:LUXIND,LUXIND,,INE150G01020,Lux Industries Limited
NSE:LXCHEM,LXCHEM,,INE576O01020,Laxmi Organic Industries Limited
NSE:LYKALABS,LYKALABS,,INE933A01014,Lyka Labs Limited
NSE:LYPSAGEMS,LYPSAGEMS,,INE142K01011,Lypsa Gems & Jewellery Limited
NSE:M&M,M&M,,INE101A01026,Mahindra & Mahindra Limited
NSE:M&MFIN,M&MFIN,,INE774D01024,Mahindra & Mahindra Financial Services Limited
NSE:MAANALU,MAANALU,,INE215I01027,Maan Aluminium Limited
NSE:MACPOWER,MACPOWER,,INE155Z01011,Macpower CNC Machines Limited
NSE:MADHAV,MADHAV,,INE925C01016,Madhav Marbles and Granites Limited
NSE:MADHAVIPL,MADHAVIPL,,INE631R01026,Madhav Infra Projects Limited
NSE:MADHUCON,MADHUCON,,INE378D01032,Madhucon Projects Limited
NSE:MADRASFERT,MADRASFERT,,INE414A01015,Madras Fertilizers Limited
NSE:MAFATIND,MAFATIND,,INE270B01035,Mafatlal Industries Limited
NSE:MAGADSUGAR,MAGADSUGAR,,INE347W01011,Magadh Sugar & Energy Limited
NSE:MAGNUM,MAGNUM,,INE387I01016,Magnum Ventures Limited
NSE:MAHABANK,MAHABANK,,INE457A01014,Bank of Maharashtra
NSE:MAHAPEXLTD,MAHAPEXLTD,,INE843B01013,Maha Rashtra Apex Corporation Limited
NSE:MAHASTEEL,MAHASTEEL,,INE451L01014,Mahamaya Steel Industries Limited
NSE:MAHEPC,MAHEPC,,INE215D01010,Mahindra EPC Irrigation Limited
NSE:MAHESHWARI,MAHESHWARI,,INE263W01010,Maheshwari Logistics Limited
NSE:MAHLIFE,MAHLIFE,,INE813A01018,Mahindra Lifespace Developers Limited
NSE:MAHLOG,MAHLOG,,INE766P01016,Mahindra Logistics Limited
NSE:MAHSCOOTER,MAHSCOOTER,,INE288A01013,Maharashtra Scooters Limited
NSE:MAHSEAMLES,MAHSEAMLES,,INE271B01025,Maharashtra Seamless Limited
NSE:MAITHANALL,MAITHANALL,,INE683C01011,Maithan Alloys Limited
NSE:MAJESAUT,MAJESAUT,,INE201B01022,Majestic Auto Limited
NSE:MALLCOM,MALLCOM,,INE389C01015,Mallcom (India) Limited
NSE:MALUPAPER,MALUPAPER,,INE383H01017,Malu Paper Mills Limited
NSE:MAMATA,MAMATA,,INE0TO701015,Mamata Machinery Limited
NSE:MANAKALUCO,MANAKALUCO,,INE859Q01017,Manaksia Aluminium Company Limited
NSE:MANAKCOAT,MANAKCOAT,,INE830Q01018,Manaksia Coated Metals & Industries Limited
NSE:MANAKSIA,MANAKSIA,,INE015D01022,Manaksia Limited
NSE:MANAKSTEEL,MANAKSTEEL,,INE824Q01011,Manaksia Steels Limited
NSE:MANALIPETC,MANALIPETC,,INE201A01024,Manali Petrochemicals Limited
NSE:MANAPPURAM,MANAPPURAM,,INE522D01027,Manappuram Finance Limited
NSE:MANBA,MANBA,,INE939X01013,Manba Finance Limited
NSE:MANCREDIT,MANCREDIT,,INE545L01039,Mangal Credit and Fincorp Limited
NSE:MANGALAM,MANGALAM,,INE584F01014,Mangalam Drugs And Organics Limited
NSE:MANGLMCEM,MANGLMCEM,,INE347A01017,Mangalam Cement Limited
NSE:MANINDS,MANINDS,,INE993A01026,Man Industries (India) Limited
NSE:MANINFRA,MANINFRA,,INE949H01023,Man Infraconstruction Limited
NSE:MANKIND,MANKIND,,INE634S01028,Mankind Pharma Limited
NSE:MANOMAY,MANOMAY,,INE784W01015,Manomay Tex India Limited
NSE:MANORAMA,MANORAMA,,INE00VM01036,Manorama Industries Limited
NSE:MANORG,MANORG,,INE370D01013,Mangalam Organics Limited
NSE:MANUGRAPH,MANUGRAPH,,INE867A01022,Manugraph India Limited
NSE:MANYAVAR,MANYAVAR,,INE825V01034,Vedant Fashions Limited
NSE:MAPMYINDIA,MAPMYINDIA,,INE0BV301023,C.E. Info Systems Limited
NSE:MARALOVER,MARALOVER,,INE882A01013,Maral Overseas Limited
NSE:MARATHON,MARATHON,,INE182D01020,Marathon Nextgen Realty Limited
NSE:MARICO,MARICO,,INE196A01026,Marico Limited
NSE:MARINE,MARINE,,INE01JE01028,Marine Electricals (India) Limited
NSE:MARKOLINES,MARKOLINES,,INE0FW001016,Markolines Pavement Technologies Limited
NSE:MARKSANS,MARKSANS,,INE750C01026,Marksans Pharma Limited
NSE:MARSONS,MARSONS,,INE415B01044,Marsons Limited
NSE:MARUTI,MARUTI,,INE585B01010,Maruti Suzuki India Limited
NSE:MASFIN,MASFIN,,INE348L01012,MAS Financial Services Limited
NSE:MASKINVEST,MASKINVEST,,INE885F01015,Mask Investments Limited
NSE:MASTEK,MASTEK,,INE759A01021,Mastek Limited
NSE:MASTERTR,MASTERTR,,INE677D01037,Master Trust Limited
NSE:MATRIMONY,MATRIMONY,,INE866R01028,Matrimony.Com Limited
NSE:MAWANASUG,MAWANASUG,,INE636A01039,Mawana Sugars Limited
NSE:MAXESTATES,MAXESTATES,,INE03EI01018,Max Estates Limited
NSE:MAXHEALTH,MAXHEALTH,,INE027H01010,Max Healthcare Institute Limited
NSE:MAXIND,MAXIND,,INE0CG601016,Max India Limited
NSE:MAYURUNIQ,MAYURUNIQ,,INE040D01038,Mayur Uniquoters Ltd
NSE:MAZDA,MAZDA,,INE885E01042,Mazda Limited
NSE:MAZDOCK,MAZDOCK,,INE249Z01020,Mazagon Dock Shipbuilders Limited
NSE:MBAPL,MBAPL,,INE900L01010,Madhya Bharat Agro Products Limited
NSE:MBEL,MBEL,,INE08N601015,M & B Engineering Limited
NSE:MBLINFRA,MBLINFRA,,INE912H01013,MBL Infrastructure Limited
NSE:MCCHRLS-B,MCCHRLS-B,,INE435D01014,Mac Charles India Limited
NSE:MCL,MCL,,INE813V01022,M TEK COPPER LIMITED
NSE:MCLEODRUSS,MCLEODRUSS,,INE942G01012,Mcleod Russel India Limited
NSE:MCLOUD,MCLOUD,,INE613C01026,Magellanic Cloud Limited
NSE:MCX,MCX,,INE745G01043,Multi Commodity Exchange of India Limited
NSE:MEDANTA,MEDANTA,,INE474Q01031,Global Health Limited
NSE:MEDIASSIST,MEDIASSIST,,INE456Z01021,Medi Assist Healthcare Services Limited
NSE:MEDICAMEQ,MEDICAMEQ,,INE646B01010,Medicamen Biotech Limited
NSE:MEDICO,MEDICO,,INE630Y01024,Medico Remedies Limited
NSE:MEDPLUS,MEDPLUS,,INE804L01022,Medplus Health Services Limited
NSE:MEESHO,MEESHO,,INE0VDM01015,Meesho Limited
NSE:MEGASTAR,MEGASTAR,,INE00EM01016,Megastar Foods Limited
NSE:MEIL,MEIL,,INE0PKD01011,Mangal Electrical Industries Limited
NSE:MENNPIS,MENNPIS,,INE650G01029,Menon Pistons Limited
NSE:MENONBE,MENONBE,,INE071D01033,Menon Bearings Limited
NSE:MEP,MEP,,INE776I01010,MEP Infrastructure Developers Limited
NSE:MERCANTILE,MERCANTILE,,INE689O01013,Mercantile Ventures Limited
NSE:MERCURYEV,MERCURYEV,,INE763M01028,Mercury Ev-Tech Limited
NSE:METROBRAND,METROBRAND,,INE317I01021,Metro Brands Limited
NSE:METROGLOBL,METROGLOBL,,INE085D01033,Metroglobal Limited
NSE:METROPOLIS,METROPOLIS,,INE112L01020,Metropolis Healthcare Limited
NSE:MFML,MFML,,INE0US801024,Mahalaxmi Fabric Mills Limited
NSE:MFSL,MFSL,,INE180A01020,Max Financial Services Limited
NSE:MGEL,MGEL,,INE0APB01032,Mangalam Global Enterprise Limited
NSE:MGL,MGL,,INE002S01010,Mahanagar Gas Limited
NSE:MHLXMIRU,MHLXMIRU,,INE112D01035,Mahalaxmi Rubtech Limited
NSE:MHRIL,MHRIL,,INE998I01010,Mahindra Holidays & Resorts India Limited
NSE:MICEL,MICEL,,INE287C01037,MIC Electronics Limited
NSE:MIDHANI,MIDHANI,,INE099Z01011,Mishra Dhatu Nigam Limited
NSE:MIDWESTLTD,MIDWESTLTD,,INE0XAD01024,Midwest Limited
NSE:MINDACORP,MINDACORP,,INE842C01021,Minda Corporation Limited
NSE:MINDTECK,MINDTECK,,INE110B01017,Mindteck (India) Limited
NSE:MIRZAINT,MIRZAINT,,INE771A01026,Mirza International Limited
NSE:MITCON,MITCON,,INE828O01033,MITCON Consultancy & Engineering Services Limited
NSE:MITTAL,MITTAL,,INE997Y01027,Mittal Life Style Limited
NSE:MKPL,MKPL,,INE964W01021,M K Proteins Limited
NSE:MMFL,MMFL,,INE227C01017,MM Forgings Limited
NSE:MMP,MMP,,INE511Y01018,MMP Industries Limited
NSE:MMTC,MMTC,,INE123F01029,MMTC Limited
NSE:MMWL,MMWL,,INE200D01020,Media Matrix Worldwide Limited
NSE:MOBIKWIK,MOBIKWIK,,INE0HLU01028,One Mobikwik Systems Limited
NSE:MODINATUR,MODINATUR,,INE537F01012,Modi Naturals Limited
NSE:MODIRUBBER,MODIRUBBER,,INE832A01018,Modi Rubber Limited
NSE:MODIS,MODIS,,INE0L0L01012,Modis Navnirman Limited
NSE:MODISONLTD,MODISONLTD,,INE737D01021,MODISON LIMITED
NSE:MODTHREAD,MODTHREAD,,INE794W01014,Modern Threads (India) Limited
NSE:MOHITIND,MOHITIND,,INE954E01012,Mohit Industries Limited
NSE:MOIL,MOIL,,INE490G01020,MOIL Limited
NSE:MOKSH,MOKSH,,INE514Y01020,Moksh Ornaments Limited
NSE:MOL,MOL,,INE0CT101020,Meghmani Organics Limited
NSE:MOLDTECH,MOLDTECH,,INE835B01035,Mold-Tek Technologies Limited
NSE:MOLDTKPAC,MOLDTKPAC,,INE893J01029,Mold-Tek Packaging Limited
NSE:MONARCH,MONARCH,,INE903D01011,Monarch Networth Capital Limited
NSE:MONEYBOXX,MONEYBOXX,,INE296Q01012,Moneyboxx Finance Limited
NSE:MONTECARLO,MONTECARLO,,INE950M01013,Monte Carlo Fashions Limited
NSE:MORARJEE,MORARJEE,,INE161G01027,Morarjee Textiles Limited
NSE:MOREPENLAB,MOREPENLAB,,INE083A01026,Morepen Laboratories Limited
NSE:MOSCHIP,MOSCHIP,,INE935B01025,Moschip Technologies Limited
NSE:MOTHERSON,MOTHERSON,,INE775A01035,Samvardhana Motherson International Limited
NSE:MOTILALOFS,MOTILALOFS,,INE338I01027,Motilal Oswal Financial Services Limited
NSE:MOTISONS,MOTISONS,,INE0FRK01020,Motisons Jewellers Limited
NSE:MOTOGENFIN,MOTOGENFIN,,INE861B01023,The Motor & General Finance Limited
NSE:MPHASIS,MPHASIS,,INE356A01018,MphasiS Limited
NSE:MPSLTD,MPSLTD,,INE943D01017,MPS Limited
NSE:MRF,MRF,,INE883A01011,MRF Limited
NSE:MRPL,MRPL,,INE103A01014,Mangalore Refinery and Petrochemicals Limited
NSE:MSPL,MSPL,,INE752G01015,MSP Steel & Power Limited
NSE:MSTCLTD,MSTCLTD,,INE255X01014,Mstc Limited
NSE:MSUMI,MSUMI,,INE0FS801015,Motherson Sumi Wiring India Limited
NSE:MTARTECH,MTARTECH,,INE864I01014,Mtar Technologies Limited
NSE:MTEDUCARE,MTEDUCARE,,INE472M01018,MT Educare Limited
NSE:MTNL,MTNL,,INE153A01019,Mahanagar Telephone Nigam Limited
NSE:MUFIN,MUFIN,,INE08KJ01020,Mufin Green Finance Limited
NSE:MUFTI,MUFTI,,INE220Q01020,Credo Brands Marketing Limited
NSE:MUKANDLTD,MUKANDLTD,,INE304A01026,Mukand Limited
NSE:MUKKA,MUKKA,,INE0CG401037,Mukka Proteins Limited
NSE:MUKTAARTS,MUKTAARTS,,INE374B01019,Mukta Arts Limited
NSE:MUNJALAU,MUNJALAU,,INE672B01032,Munjal Auto Industries Limited
NSE:MUNJALSHOW,MUNJALSHOW,,INE577A01027,Munjal Showa Limited
NSE:MURUDCERA,MURUDCERA,,INE692B01014,Murudeshwar Ceramics Limited
NSE:MUTHOOTCAP,MUTHOOTCAP,,INE296G01013,Muthoot Capital Services Limited
NSE:MUTHOOTFIN,MUTHOOTFIN,,INE414G01012,Muthoot Finance Limited
NSE:MUTHOOTMF,MUTHOOTMF,,INE046W01019,Muthoot Microfin Limited
NSE:MVGJL,MVGJL,,INE0KNT01012,Manoj Vaibhav Gems N Jewellers Limited
NSE:MWL,MWL,,INE0JYY01011,Mangalam Worldwide Limited
NSE:NACLIND,NACLIND,,INE295D01020,NACL Industries Limited
NSE:NAGREEKCAP,NAGREEKCAP,,INE245I01016,Nagreeka Capital & Infrastructure Limited
NSE:NAGREEKEXP,NAGREEKEXP,,INE123B01028,Nagreeka Exports Limited
NSE:NAHARCAP,NAHARCAP,,INE049I01012,Nahar Capital and Financial Services Limited
NSE:NAHARINDUS,NAHARINDUS,,INE289A01011,Nahar Industrial Enterprises Limited
NSE:NAHARPOLY,NAHARPOLY,,INE308A01027,Nahar Poly Films Limited
NSE:NAHARSPING,NAHARSPING,,INE290A01027,Nahar Spinning Mills Limited
NSE:NAM-INDIA,NAM-INDIA,,INE298J01013,Nippon Life India Asset Management Limited
NSE:NARMADA,NARMADA,,INE117Z01011,Narmada Agrobase Limited
NSE:NATCAPSUQ,NATCAPSUQ,,INE936B01015,Natural Capsules Limited
NSE:NATCOPHARM,NATCOPHARM,,INE987B01026,Natco Pharma Limited
NSE:NATHBIOGEN,NATHBIOGEN,,INE448G01010,Nath Bio-Genes (India) Limited
NSE:NATIONALUM,NATIONALUM,,INE139A01034,National Aluminium Company Limited
NSE:NATIONSTD,NATIONSTD,,INE166R01015,National Standard (India) Limited
NSE:NAUKRI,NAUKRI,,INE663F01032,Info Edge (India) Limited
NSE:NAVA,NAVA,,INE725A01030,NAVA LIMITED
NSE:NAVINFLUOR,NAVINFLUOR,,INE048G01026,Navin Fluorine International Limited
NSE:NAVKARCORP,NAVKARCORP,,INE278M01019,Navkar Corporation Limited
NSE:NAVKARURB,NAVKARURB,,INE268H01044,Navkar Urbanstructure Limited
NSE:NAVNETEDUL,NAVNETEDUL,,INE060A01024,Navneet Education Limited
NSE:NAZARA,NAZARA,,INE418L01047,Nazara Technologies Limited
NSE:NBCC,NBCC,,INE095N01031,NBCC (India) Limited
NSE:NBIFIN,NBIFIN,,INE365I01020,N. B. I. Industrial Finance Company Limited
NSE:NCC,NCC,,INE868B01028,NCC Limited
NSE:NCLIND,NCLIND,,INE732C01016,NCL Industries Limited
NSE:NDGL,NDGL,,INE756C01015,Naga Dhunseri Group Limited
NSE:NDL,NDL,,INE875G01048,Nandan Denim Limited
NSE:NDLVENTURE,NDLVENTURE,,INE353A01023,NDL Ventures Limited
NSE:NDRAUTO,NDRAUTO,,INE07OG01012,Ndr Auto Components Limited
NSE:NDTV,NDTV,,INE155G01029,New Delhi Television Limited
NSE:NEAGI,NEAGI,,INE605D01012,Neelamalai Agro Industries Limited
NSE:NECCLTD,NECCLTD,,INE553C01016,North Eastern Carrying Corporation Limited
NSE:NECLIFE,NECLIFE,,INE023H01027,Nectar Lifesciences Limited
NSE:NELCAST,NELCAST,,INE189I01024,Nelcast Limited
NSE:NELCO,NELCO,,INE045B01015,NELCO Limited
NSE:NEOGEN,NEOGEN,,INE136S01016,Neogen Chemicals Limited
NSE:NEPHROPLUS,NEPHROPLUS,,INE428V01029,Nephrocare Health Services Limited
NSE:NESCO,NESCO,,INE317F01035,Nesco Limited
NSE:NESTLEIND,NESTLEIND,,INE239A01024,Nestle India Limited
NSE:NETWEB,NETWEB,,INE0NT901020,Netweb Technologies India Limited
NSE:NETWORK18,NETWORK18,,INE870H01013,Network18 Media & Investments Limited
NSE:NEULANDLAB,NEULANDLAB,,INE794A01010,Neuland Laboratories Limited
NSE:NEWGEN,NEWGEN,,INE619B01017,Newgen Software Technologies Limited
NSE:NEXTMEDIA,NEXTMEDIA,,INE747B01016,Next Mediaworks Limited
NSE:NFL,NFL,,INE870D01012,National Fertilizers Limited
NSE:NGIL,NGIL,,INE236Y01012,Nakoda Group of Industries Limited
NSE:NGLFINE,NGLFINE,,INE887E01022,NGL Fine-Chem Limited
NSE:NH,NH,,INE410P01011,Narayana Hrudayalaya Ltd.
NSE:NHPC,NHPC,,INE848E01016,NHPC Limited
NSE:NIACL,NIACL,,INE470Y01017,The New India Assurance Company Limited
NSE:NIBE,NIBE,,INE149O01018,NIBE Limited
NSE:NIBL,NIBL,,INE047O01014,NRB Industrial Bearings Limited
NSE:NIITLTD,NIITLTD,,INE161A01038,NIIT Limited
NSE:NIITMTS,NIITMTS,,INE342G01023,NIIT Learning Systems Limited
NSE:NILAINFRA,NILAINFRA,,INE937C01029,Nila Infrastructures Limited
NSE:NILASPACES,NILASPACES,,INE00S901012,Nila Spaces Limited
NSE:NILE,NILE,,INE445D01013,Nile Limited
NSE:NILKAMAL,NILKAMAL,,INE310A01015,Nilkamal Limited
NSE:NIMBSPROJ,NIMBSPROJ,,INE875B01015,Nimbus Projects Limited
NSE:NINSYS,NINSYS,,INE395U01014,NINtec Systems Limited
NSE:NIPPOBATRY,NIPPOBATRY,,INE567A01028,Indo-National Limited
NSE:NIRAJ,NIRAJ,,INE368I01016,Niraj Cement Structurals Limited
NSE:NIRAJISPAT,NIRAJISPAT,,INE326T01011,Niraj Ispat Industries Limited
NSE:NIRLON,NIRLON,,INE910A01012,Nirlon Limited
NSE:NITCO,NITCO,,INE858F01012,Nitco Limited
NSE:NITINSPIN,NITINSPIN,,INE229H01012,Nitin Spinners Limited
NSE:NITIRAJ,NITIRAJ,,INE439T01012,Nitiraj Engineers Limited
NSE:NITTAGELA,NITTAGELA,,INE265B01019,Nitta Gelatin India Limited
NSE:NIVABUPA,NIVABUPA,,INE995S01015,Niva Bupa Health Insurance Company Limited
NSE:NKIND,NKIND,,INE542C01019,NK Industries Limited
NSE:NLCINDIA,NLCINDIA,,INE589A01014,NLC India Limited
NSE:NMDC,NMDC,,INE584A01023,NMDC Limited
NSE:NOCIL,NOCIL,,INE163A01018,NOCIL Limited
NSE:NOIDATOLL,NOIDATOLL,,INE781B01015,Noida Toll Bridge Company Limited
NSE:NORBTEAEXP,NORBTEAEXP,,INE369C01017,Norben Tea & Exports Limited
NSE:NORTHARC,NORTHARC,,INE850M01015,Northern Arc Capital Limited
NSE:NOVAAGRI,NOVAAGRI,,INE02H701025,Nova Agritech Limited
NSE:NOVARTIND,NOVARTIND,,INE234A01025,Novartis India Limited
NSE:NPST,NPST,,INE0FFK01017,Network People Services Technologies Limited
NSE:NRAIL,NRAIL,,INE740D01017,N R Agarwal Industries Limited
NSE:NRBBEARING,NRBBEARING,,INE349A01021,NRB Bearing Limited
NSE:NRL,NRL,,INE0JM501013,Nupur Recyclers Limited
NSE:NSIL,NSIL,,INE023A01030,Nalwa Sons Investments Limited
NSE:NSLNISP,NSLNISP,,INE0NNS01018,NMDC Steel Limited
NSE:NTPC,NTPC,,INE733E01010,NTPC Limited
NSE:NTPCGREEN,NTPCGREEN,,INE0ONG01011,NTPC Green Energy Limited
NSE:NUCLEUS,NUCLEUS,,INE096B01018,Nucleus Software Exports Limited
NSE:NURECA,NURECA,,INE0DSF01015,Nureca Limited
NSE:NUVAMA,NUVAMA,,INE531F01023,Nuvama Wealth Management Limited
NSE:NUVOCO,NUVOCO,,INE118D01016,Nuvoco Vistas Corporation Limited
NSE:NYKAA,NYKAA,,INE388Y01029,FSN E-Commerce Ventures Limited
NSE:OAL,OAL,,INE959C01023,Oriental Aromatics Limited
NSE:OBCL,OBCL,,INE426Z01016,Orissa Bengal Carrier Limited
NSE:OBEROIRLTY,OBEROIRLTY,,INE093I01010,Oberoi Realty Limited
NSE:OCCLLTD,OCCLLTD,,INE0PK601023,OCCL Limited
NSE:ODIGMA,ODIGMA,,INE054301028,Odigma Consultancy Solutions Limited
NSE:OFSS,OFSS,,INE881D01027,Oracle Financial Services Software Limited
NSE:OIL,OIL,,INE274J01014,Oil India Limited
NSE:OILCOUNTUB,OILCOUNTUB,,INE591A01010,Oil Country Tubular Limited
NSE:OLAELEC,OLAELEC,,INE0LXG01040,Ola Electric Mobility Limited
NSE:OLECTRA,OLECTRA,,INE260D01016,Olectra Greentech Limited
NSE:OMAXAUTO,OMAXAUTO,,INE090B01011,Omax Autos Limited
NSE:OMAXE,OMAXE,,INE800H01010,Omaxe Limited
NSE:OMFREIGHT,OMFREIGHT,,INE1BZC01019,Om Freight Forwarders Limited
NSE:OMINFRAL,OMINFRAL,,INE239D01028,OM INFRA LIMITED
NSE:OMNI,OMNI,,INE0UH301010,Omnitech Engineering Limited
NSE:OMPOWER,OMPOWER,,INE25E901019,Om Power Transmission Limited
NSE:ONELIFECAP,ONELIFECAP,,INE912L01015,Onelife Capital Advisors Limited
NSE:ONEPOINT,ONEPOINT,,INE840Y01029,One Point One Solutions Limited
NSE:ONESOURCE,ONESOURCE,,INE013P01021,Onesource Specialty Pharma Limited
NSE:ONGC,ONGC,,INE213A01029,Oil & Natural Gas Corporation Limited
NSE:ONIDA,ONIDA,,INE831A01028,Onida Electronics Limited
NSE:ONMOBILE,ONMOBILE,,INE809I01019,OnMobile Global Limited
NSE:ONWARDTEC,ONWARDTEC,,INE229A01017,Onward Technologies Limited
NSE:OPTIEMUS,OPTIEMUS,,INE350C01017,Optiemus Infracom Limited
NSE:ORBTEXP,ORBTEXP,,INE231G01010,Orbit Exports Limited
NSE:ORCHASP,ORCHASP,,INE215B01022,Orchasp Limited
NSE:ORCHPHARMA,ORCHPHARMA,,INE191A01027,Orchid Pharma Limited
NSE:ORICONENT,ORICONENT,,INE730A01022,Oricon Enterprises Limited
NSE:ORIENTALTL,ORIENTALTL,,INE998H01012,Oriental Trimex Limited
NSE:ORIENTBELL,ORIENTBELL,,INE607D01018,Orient Bell Limited
NSE:ORIENTCEM,ORIENTCEM,,INE876N01018,Orient Cement Limited
NSE:ORIENTCER,ORIENTCER,,INE569C01020,ORIENT CERATECH LIMITED
NSE:ORIENTELEC,ORIENTELEC,,INE142Z01019,Orient Electric Limited
NSE:ORIENTHOT,ORIENTHOT,,INE750A01020,Oriental Hotels Limited
NSE:ORIENTLTD,ORIENTLTD,,INE609C01024,Orient Press Limited
NSE:ORIENTPPR,ORIENTPPR,,INE592A01026,Orient Paper & Industries Limited
NSE:ORIENTTECH,ORIENTTECH,,INE0PPK01015,Orient Technologies Limited
NSE:ORISSAMINE,ORISSAMINE,,INE725E01024,The Orissa Minerals Development Company Limited
NSE:ORKLAINDIA,ORKLAINDIA,,INE16NZ01023,Orkla India Limited
NSE:ORTEL,ORTEL,,INE849L01019,Ortel Communications Limited
NSE:ORTINGLOBE,ORTINGLOBE,,INE749B01020,ORTIN GLOBAL LIMITED
NSE:OSIAHYPER,OSIAHYPER,,INE06IR01021,Osia Hyper Retail Limited
NSE:OSWALAGRO,OSWALAGRO,,INE142A01012,Oswal Agro Mills Limited
NSE:OSWALGREEN,OSWALGREEN,,INE143A01010,Oswal Greentech Limited
NSE:OSWALPUMPS,OSWALPUMPS,,INE0BYP01024,Oswal Pumps Limited
NSE:OSWALSEEDS,OSWALSEEDS,,INE00IK01029,ShreeOswal Seeds And Chemicals Limited
NSE:PACEDIGITK,PACEDIGITK,,INE0S3G01027,Pace Digitek Limited
NSE:PAGEIND,PAGEIND,,INE761H01022,Page Industries Limited
NSE:PAISALO,PAISALO,,INE420C01059,Paisalo Digital Limited
NSE:PAKKA,PAKKA,,INE551D01018,PAKKA LIMITED
NSE:PALASHSECU,PALASHSECU,,INE471W01019,Palash Securities Limited
NSE:PALREDTEC,PALREDTEC,,INE218G01033,Palred Technologies Limited
NSE:PANACEABIO,PANACEABIO,,INE922B01023,Panacea Biotec Limited
NSE:PANACHE,PANACHE,,INE895W01019,Panache Digilife Limited
NSE:PANAMAPET,PANAMAPET,,INE305C01029,Panama Petrochem Limited
NSE:PANSARI,PANSARI,,INE697V01011,Pansari Developers Limited
NSE:PAR,PAR,,INE04LG01015,Par Drugs And Chemicals Limited
NSE:PARACABLES,PARACABLES,,INE074B01023,Paramount Communications Limited
NSE:PARADEEP,PARADEEP,,INE088F01024,Paradeep Phosphates Limited
NSE:PARAGMILK,PARAGMILK,,INE883N01014,Parag Milk Foods Limited
NSE:PARAS,PARAS,,INE045601023,Paras Defence and Space Technologies Limited
NSE:PARASPETRO,PARASPETRO,,INE162C01024,Paras Petrofils Limited
NSE:PARKHOSPS,PARKHOSPS,,INE119201023,Park Medi World Limited
NSE:PARKHOTELS,PARKHOTELS,,INE988S01028,Apeejay Surrendra Park Hotels Limited
NSE:PARSVNATH,PARSVNATH,,INE561H01026,Parsvnath Developers Limited
NSE:PASHUPATI,PASHUPATI,,INE124Y01028,Pashupati Cotspin Limited
NSE:PASUPTAC,PASUPTAC,,INE818B01023,Pasupati Acrylon Limited
NSE:PATANJALI,PATANJALI,,INE619A01035,Patanjali Foods Limited
NSE:PATELENG,PATELENG,,INE244B01030,Patel Engineering Limited
NSE:PATELRMART,PATELRMART,,INE0R8B01010,Patel Retail Limited
NSE:PATINTLOG,PATINTLOG,,INE529D01014,Patel Integrated Logistics Limited
NSE:PAUSHAKLTD,PAUSHAKLTD,,INE111F01024,Paushak Limited
NSE:PAVNAIND,PAVNAIND,,INE07S101038,Pavna Industries Limited
NSE:PAYTM,PAYTM,,INE982J01020,One 97 Communications Limited
NSE:PCBL,PCBL,,INE602A01031,PCBL Chemical Limited
NSE:PCJEWELLER,PCJEWELLER,,INE785M01021,PC Jeweller Limited
NSE:PDMJEPAPER,PDMJEPAPER,,INE865T01018,Pudumjee Paper Products Limited
NSE:PDSL,PDSL,,INE111Q01021,PDS Limited
NSE:PEARLPOLY,PEARLPOLY,,INE844A01013,Pearl Polymers Limited
NSE:PENIND,PENIND,,INE932A01024,Pennar Industries Limited
NSE:PENINLAND,PENINLAND,,INE138A01028,Peninsula Land Limited
NSE:PERSISTENT,PERSISTENT,,INE262H01021,Persistent Systems Limited
NSE:PETRONET,PETRONET,,INE347G01014,Petronet LNG Limited
NSE:PFC,PFC,,INE134E01011,Power Finance Corporation Limited
NSE:PFIZER,PFIZER,,INE182A01018,Pfizer Limited
NSE:PFOCUS,PFOCUS,,INE367G01038,Prime Focus Limited
NSE:PFS,PFS,,INE560K01014,PTC India Financial Services Limited
NSE:PGEL,PGEL,,INE457L01029,PG Electroplast Limited
NSE:PGHH,PGHH,,INE179A01014,Procter & Gamble Hygiene and Health Care Limited
NSE:PGHL,PGHL,,INE199A01012,Procter & Gamble Health Limited
NSE:PGIL,PGIL,,INE940H01022,Pearl Global Industries Limited
NSE:PHOENIXLTD,PHOENIXLTD,,INE211B01039,The Phoenix Mills Limited
NSE:PICCADIL,PICCADIL,,INE546C01010,Piccadily Agro Industries Limited
NSE:PIDILITIND,PIDILITIND,,INE318A01026,Pidilite Industries Limited
NSE:PIGL,PIGL,,INE557Z01018,Power & Instrumentation (Gujarat) Limited
NSE:PIIND,PIIND,,INE603J01030,PI Industries Limited
NSE:PILANIINVS,PILANIINVS,,INE417C01014,Pilani Investment and Industries Corporation Limited
NSE:PILITA,PILITA,,INE600A01035,PIL ITALICA LIFESTYLE LIMITED
NSE:PINELABS,PINELABS,,INE15B701018,Pine Labs Limited
NSE:PIONEEREMB,PIONEEREMB,,INE156C01018,Pioneer Embroideries Limited
NSE:PIONRINV,PIONRINV,,INE746D01014,Pioneer Investcorp Limited
NSE:PIRAMALFIN,PIRAMALFIN,,INE202B01038,Piramal Finance Limited
NSE:PITTIENG,PITTIENG,,INE450D01021,Pitti Engineering Limited
NSE:PIXTRANS,PIXTRANS,,INE751B01018,Pix Transmissions Limited
NSE:PKTEA,PKTEA,,INE431F01018,The Peria Karamalai Tea & Produce Company Limited
NSE:PLASTIBLEN,PLASTIBLEN,,INE083C01022,Plastiblends India Limited
NSE:PLATIND,PLATIND,,INE0PT501018,Platinum Industries Limited
NSE:PLAZACABLE,PLAZACABLE,,INE0INJ01017,Plaza Wires Limited
NSE:PML,PML,,INE291E01019,Paul Merchants Limited
NSE:PNB,PNB,,INE160A01022,Punjab National Bank
NSE:PNBGILTS,PNBGILTS,,INE859A01011,PNB Gilts Limited
NSE:PNBHOUSING,PNBHOUSING,,INE572E01012,PNB Housing Finance Limited
NSE:PNC,PNC,,INE392B01011,Pritish Nandy Communications Limited
NSE:PNCINFRA,PNCINFRA,,INE195J01029,PNC Infratech Limited
NSE:PNGJL,PNGJL,,INE953R01016,P N Gadgil Jewellers Limited
NSE:PNGSREVA,PNGSREVA,,INE1RDG01013,PNGS Reva Diamond Jewellery Limited
NSE:POCL,POCL,,INE063E01053,Pondy Oxides & Chemicals Limited
NSE:PODDARMENT,PODDARMENT,,INE371C01013,Poddar Pigments Limited
NSE:POKARNA,POKARNA,,INE637C01025,Pokarna Limited
NSE:POLICYBZR,POLICYBZR,,INE417T01026,PB Fintech Limited
NSE:POLYCAB,POLYCAB,,INE455K01017,Polycab India Limited
NSE:POLYMED,POLYMED,,INE205C01021,Poly Medicure Limited
NSE:POLYPLEX,POLYPLEX,,INE633B01018,Polyplex Corporation Limited
NSE:PONNIERODE,PONNIERODE,,INE838E01017,Ponni Sugars (Erode) Limited
NSE:POONAWALLA,POONAWALLA,,INE511C01022,Poonawalla Fincorp Limited
NSE:POWERGRID,POWERGRID,,INE752E01010,Power Grid Corporation of India Limited
NSE:POWERICA,POWERICA,,INE921L01032,Powerica Limited
NSE:POWERINDIA,POWERINDIA,,INE07Y701011,Hitachi Energy India Limited
NSE:POWERMECH,POWERMECH,,INE211R01019,Power Mech Projects Limited
NSE:PPAP,PPAP,,INE095I01015,PPAP Automotive Limited
NSE:PPL,PPL,,INE050001010,Prakash Pipes Limited
NSE:PPLPHARMA,PPLPHARMA,,INE0DK501011,Piramal Pharma Limited
NSE:PRABHA,PRABHA,,INE0I0M01023,Prabha Energy Limited
NSE:PRADPME,PRADPME,,INE770A01010,Pradeep Metals Limited
NSE:PRAENG,PRAENG,,INE505C01016,Prajay Engineers Syndicate Limited
NSE:PRAJIND,PRAJIND,,INE074A01025,Praj Industries Limited
NSE:PRAKASH,PRAKASH,,INE603A01013,Prakash Industries Limited
NSE:PRAKASHSTL,PRAKASHSTL,,INE696K01024,Prakash Steelage Limited
NSE:PRAVEG,PRAVEG,,INE722B01019,Praveg Limited
NSE:PRAXIS,PRAXIS,,INE546Y01022,Praxis Home Retail Limited
NSE:PRECAM,PRECAM,,INE484I01029,Precision Camshafts Limited
NSE:PRECOT,PRECOT,,INE283A01014,Precot Limited
NSE:PRECWIRE,PRECWIRE,,INE372C01037,Precision Wires India Limited
NSE:PREMCO,PREMCO,,INE001E01012,Premco Global Limited
NSE:PREMEXPLN,PREMEXPLN,,INE863B01029,Premier Explosives Limited
NSE:PREMIER,PREMIER,,INE342A01018,Premier Limited
NSE:PREMIERENE,PREMIERENE,,INE0BS701011,Premier Energies Limited
NSE:PREMIERPOL,PREMIERPOL,,INE309M01020,Premier Polyfilm Limited
NSE:PRESTIGE,PRESTIGE,,INE811K01011,Prestige Estates Projects Limited
NSE:PRICOLLTD,PRICOLLTD,,INE726V01018,Pricol Limited
NSE:PRIMESECU,PRIMESECU,,INE032B01021,Prime Securities Limited
NSE:PRIMO,PRIMO,,INE607A01022,Primo Chemicals Limited
NSE:PRINCEPIPE,PRINCEPIPE,,INE689W01016,Prince Pipes And Fittings Limited
NSE:PRITI,PRITI,,INE974Z01015,Priti International Limited
NSE:PRITIKAUTO,PRITIKAUTO,,INE583R01029,Pritika Auto Industries Limited
NSE:PRIVISCL,PRIVISCL,,INE959A01019,Privi Speciality Chemicals Limited
NSE:PROSTARM,PROSTARM,,INE0BX301013,Prostarm Info Systems Limited
NSE:PROTEAN,PROTEAN,,INE004A01022,Protean eGov Technologies Limited
NSE:PROZONER,PROZONER,,INE195N01013,Prozone Realty Limited
NSE:PRSMJOHNSN,PRSMJOHNSN,,INE010A01011,Prism Johnson Limited
NSE:PRUDENT,PRUDENT,,INE00F201020,Prudent Corporate Advisory Services Limited
NSE:PRUDMOULI,PRUDMOULI,,INE024D01016,Prudential Sugar Corporation Limited
NSE:PSB,PSB,,INE608A01012,Punjab & Sind Bank
NSE:PSPPROJECT,PSPPROJECT,,INE488V01015,PSP Projects Limited
NSE:PTC,PTC,,INE877F01012,PTC India Limited
NSE:PTCIL,PTCIL,,INE596F01018,PTC Industries Limited
NSE:PTL,PTL,,INE034D01049,PTL Enterprises Limited
NSE:PUNJABCHEM,PUNJABCHEM,,INE277B01014,Punjab Chemicals & Crop Protection Limited
NSE:PURVA,PURVA,,INE323I01011,Puravankara Limited
NSE:PVP,PVP,,INE362A01016,PVP Ventures Limited
NSE:PVRINOX,PVRINOX,,INE191H01014,PVR INOX Limited
NSE:PVSL,PVSL,,INE772T01024,Popular Vehicles and Services Limited
NSE:PWL,PWL,,INE0LP301011,Physicswallah Limited
NSE:PYRAMID,PYRAMID,,INE0MIS01010,Pyramid Technoplast Limited
NSE:QMSMEDI,QMSMEDI,,INE0FMW01018,QMS Medical Allied Services Limited
NSE:QPOWER,QPOWER,,INE0SII01026,Quality Power Electrical Equipments Limited
NSE:QUADFUTURE,QUADFUTURE,,INE0LRY01011,Quadrant Future Tek Limited
NSE:QUESS,QUESS,,INE615P01015,Quess Corp Limited
NSE:QUICKHEAL,QUICKHEAL,,INE306L01010,Quick Heal Technologies Limited
NSE:QUINT,QUINT,,INE641R01017,Quint Digital Limited
NSE:RACE,RACE,,INE084Q01012,Race Eco Chain Limited
NSE:RACLGEAR,RACLGEAR,,INE704B01017,RACL Geartech Limited
NSE:RADAAN,RADAAN,,INE874F01027,Radaan Mediaworks India Limited
NSE:RADHIKAJWE,RADHIKAJWE,,INE583V01021,Radhika Jeweltech Limited
NSE:RADIANTCMS,RADIANTCMS,,INE855R01021,Radiant Cash Management Services Limited
NSE:RADICO,RADICO,,INE944F01028,Radico Khaitan Limited
NSE:RADIOCITY,RADIOCITY,,INE919I01024,Music Broadcast Limited
NSE:RAILTEL,RAILTEL,,INE0DD101019,Railtel Corporation Of India Limited
NSE:RAIN,RAIN,,INE855B01025,Rain Industries Limited
NSE:RAINBOW,RAINBOW,,INE961O01016,Rainbow Childrens Medicare Limited
NSE:RAJESHEXPO,RAJESHEXPO,,INE343B01030,Rajesh Exports Limited
NSE:RAJMET,RAJMET,,INE00KV01022,Rajnandini Metal Limited
NSE:RAJOOENG,RAJOOENG,,INE535F01024,Rajoo Engineers Limited
NSE:RAJPALAYAM,RAJPALAYAM,,INE296E01026,Rajapalayam Mills Limited
NSE:RAJRATAN,RAJRATAN,,INE451D01029,Rajratan Global Wire Limited
NSE:RAJRILTD,RAJRILTD,,INE533D01032,Raj Rayon Industries Limited
NSE:RAJSREESUG,RAJSREESUG,,INE562B01019,Rajshree Sugars & Chemicals Limited
NSE:RAJTV,RAJTV,,INE952H01027,Raj Television Network Limited
NSE:RALLIS,RALLIS,,INE613A01020,Rallis India Limited
NSE:RAMANEWS,RAMANEWS,,INE278B01020,Shree Rama Newsprint Limited
NSE:RAMAPHO,RAMAPHO,,INE809A01032,Rama Phosphates Limited
NSE:RAMASTEEL,RAMASTEEL,,INE230R01035,Rama Steel Tubes Limited
NSE:RAMCOCEM,RAMCOCEM,,INE331A01037,The Ramco Cements Limited
NSE:RAMCOIND,RAMCOIND,,INE614A01028,Ramco Industries Limited
NSE:RAMCOSYS,RAMCOSYS,,INE246B01019,Ramco Systems Limited
NSE:RAMKY,RAMKY,,INE874I01013,Ramky Infrastructure Limited
NSE:RAMRAT,RAMRAT,,INE207E01023,Ram Ratna Wires Limited
NSE:RANASUG,RANASUG,,INE625B01014,Rana Sugars Limited
NSE:RANEHOLDIN,RANEHOLDIN,,INE384A01010,Rane Holdings Limited
NSE:RATEGAIN,RATEGAIN,,INE0CLI01024,Rategain Travel Technologies Limited
NSE:RATNAMANI,RATNAMANI,,INE703B01027,Ratnamani Metals & Tubes Limited
NSE:RATNAVEER,RATNAVEER,,INE05CZ01011,Ratnaveer Precision Engineering Limited
NSE:RAYMOND,RAYMOND,,INE301A01014,Raymond Limited
NSE:RAYMONDLSL,RAYMONDLSL,,INE02ID01020,Raymond Lifestyle Limited
NSE:RAYMONDREL,RAYMONDREL,,INE1SY401010,Raymond Realty Limited
NSE:RBA,RBA,,INE07T201019,Restaurant Brands Asia Limited
NSE:RBLBANK,RBLBANK,,INE976G01028,RBL Bank Limited
NSE:RBZJEWEL,RBZJEWEL,,INE0PEQ01016,RBZ Jewellers Limited
NSE:RCF,RCF,,INE027A01015,Rashtriya Chemicals and Fertilizers Limited
NSE:RCOM,RCOM,,INE330H01018,Reliance Communications Limited
NSE:RECLTD,RECLTD,,INE020B01018,REC Limited
NSE:REDINGTON,REDINGTON,,INE891D01026,Redington Limited
NSE:REDTAPE,REDTAPE,,INE0LXT01019,Redtape Limited
NSE:REFEX,REFEX,,INE056I01025,Refex Industries Limited
NSE:REGAAL,REGAAL,,INE0MHO01029,Regaal Resources Limited
NSE:REGENCERAM,REGENCERAM,,INE277C01012,Regency Ceramics Limited
NSE:RELAXO,RELAXO,,INE131B01039,Relaxo Footwears Limited
NSE:RELCHEMQ,RELCHEMQ,,INE750D01016,Reliance Chemotex Industries Limited
NSE:RELIABLE,RELIABLE,,INE375Y01018,Reliable Data Services Limited
NSE:RELIANCE,RELIANCE,,INE002A01018,Reliance Industries Limited
NSE:RELIGARE,RELIGARE,,INE621H01010,Religare Enterprises Limited
NSE:RELTD,RELTD,,INE206N01018,Ravindra Energy Limited
NSE:RELTD-RE,RELTD-RE,,INE206N20018,Ravindra Energy Ltd-RE
NSE:REMSONSIND,REMSONSIND,,INE474C01023,Remsons Industries Limited
NSE:RENUKA,RENUKA,,INE087H01022,Shree Renuka Sugars Limited
NSE:REPCOHOME,REPCOHOME,,INE612J01015,Repco Home Finance Limited
NSE:REPL,REPL,,INE364Z01019,Rudrabhishek Enterprises Limited
NSE:REPRO,REPRO,,INE461B01014,Repro India Limited
NSE:RESPONIND,RESPONIND,,INE688D01026,Responsive Industries Limited
NSE:RETAIL,RETAIL,,INE03DD01011,JHS Svendgaard Retail Ventures Limited
NSE:RGL,RGL,,INE722H01024,Renaissance Global Limited
NSE:RHETAN,RHETAN,,INE0KKN01029,Rhetan TMT Limited
NSE:RHFL,RHFL,,INE217K01011,Reliance Home Finance Limited
NSE:RHIM,RHIM,,INE743M01012,RHI MAGNESITA INDIA LIMITED
NSE:RHL,RHL,,INE508K01013,Robust Hotels Limited
NSE:RICOAUTO,RICOAUTO,,INE209B01025,Rico Auto Industries Limited
NSE:RIIL,RIIL,,INE046A01015,Reliance Industrial Infrastructure Limited
NSE:RISHABH,RISHABH,,INE0N2P01017,Rishabh Instruments Limited
NSE:RITCO,RITCO,,INE01EG01016,Ritco Logistics Limited
NSE:RITES,RITES,,INE320J01015,RITES Limited
NSE:RKDL,RKDL,,INE722J01012,Ravi Kumar Distilleries Limited
NSE:RKEC,RKEC,,INE786W01010,RKEC Projects Limited
NSE:RKFORGE,RKFORGE,,INE399G01023,Ramkrishna Forgings Limited
NSE:RKSWAMY,RKSWAMY,,INE0NQ801033,R K Swamy Limited
NSE:RMC,RMC,,INE655V01019,RMC Switchgears Limited
NSE:RMDRIP,RMDRIP,,INE219Y01026,R M Drip and Sprinklers Systems Limited
NSE:RML,RML,,INE050H01012,Rane (Madras) Limited
NSE:RNBDENIMS,RNBDENIMS,,INE012Q01039,R&B Denims Limited
NSE:ROHLTD,ROHLTD,,INE283H01019,Royal Orchid Hotels Limited
NSE:ROLEXRINGS,ROLEXRINGS,,INE645S01024,Rolex Rings Limited
NSE:ROLLT,ROLLT,,INE927A01040,Rollatainers Limited
NSE:ROML,ROML,,INE294G01026,Raj Oil Mills Limited
NSE:ROSSARI,ROSSARI,,INE02A801020,Rossari Biotech Limited
NSE:ROSSELLIND,ROSSELLIND,,INE847C01020,Rossell India Limited
NSE:ROSSTECH,ROSSTECH,,INE0OJW01016,Rossell Techsys Limited
NSE:ROTO,ROTO,,INE535D01037,Roto Pumps Limited
NSE:ROUTE,ROUTE,,INE450U01017,ROUTE MOBILE LIMITED
NSE:RPEL,RPEL,,INE912T01018,Raghav Productivity Enhancers Limited
NSE:RPGLIFE,RPGLIFE,,INE105J01010,RPG Life Sciences Limited
NSE:RPOWER,RPOWER,,INE614G01033,Reliance Power Limited
NSE:RPPINFRA,RPPINFRA,,INE324L01013,R.P.P. Infra Projects Limited
NSE:RPPL,RPPL,,INE760W01023,Rajshree Polypack Limited
NSE:RPSGVENT,RPSGVENT,,INE425Y01011,RPSG VENTURES LIMITED
NSE:RPTECH,RPTECH,,INE0J1F01024,Rashi Peripherals Limited
NSE:RRIL,RRIL,,INE951M01037,RRIL Limited
NSE:RRKABEL,RRKABEL,,INE777K01022,R R Kabel Limited
NSE:RSDFIN,RSDFIN,,INE616F01022,RSD Finance Limited
NSE:RSL,RSL,,INE313L01016,Rajputana Stainless Limited
NSE:RSSOFTWARE,RSSOFTWARE,,INE165B01029,R. S. Software (India) Limited
NSE:RSWM,RSWM,,INE611A01016,RSWM Limited
NSE:RSYSTEMS,RSYSTEMS,,INE411H01032,R Systems International Limited
NSE:RTNINDIA,RTNINDIA,,INE834M01019,RattanIndia Enterprises Limited
NSE:RTNPOWER,RTNPOWER,,INE399K01017,RattanIndia Power Limited
NSE:RUBFILA,RUBFILA,,INE642C01025,Rubfila International Limited
NSE:RUBICON,RUBICON,,INE506V01022,Rubicon Research Limited
NSE:RUBYMILLS,RUBYMILLS,,INE301D01026,The Ruby Mills Limited
NSE:RUCHINFRA,RUCHINFRA,,INE413B01023,Ruchi Infrastructure Limited
NSE:RUCHIRA,RUCHIRA,,INE803H01014,Ruchira Papers Limited
NSE:RUDRA,RUDRA,,INE027T01023,Rudra Global Infra Products Limited
NSE:RUPA,RUPA,,INE895B01021,Rupa & Company Limited
NSE:RUSHIL,RUSHIL,,INE573K01025,Rushil Decor Limited
NSE:RUSTOMJEE,RUSTOMJEE,,INE263M01029,Keystone Realtors Limited
NSE:RVHL,RVHL,,INE09E501017,Ravinder Heights Limited
NSE:RVNL,RVNL,,INE415G01027,Rail Vikas Nigam Limited
NSE:RVTH,RVTH,,INE0DAB01012,Revathi Equipment India Limited
NSE:S&SPOWER,S&SPOWER,,INE902B01017,S&S Power Switchgears Limited
NSE:SAATVIKGL,SAATVIKGL,,INE13B501022,Saatvik Green Energy Limited
NSE:SABEVENTS,SABEVENTS,,INE860T01019,Sab Events & Governance Now Media Limited
NSE:SADBHAV,SADBHAV,,INE226H01026,Sadbhav Engineering Limited
NSE:SADBHIN,SADBHIN,,INE764L01010,Sadbhav Infrastructure Project Limited
NSE:SADHNANIQ,SADHNANIQ,,INE888C01040,Sadhana Nitrochem Limited
NSE:SAFARI,SAFARI,,INE429E01023,Safari Industries (India) Limited
NSE:SAGARDEEP,SAGARDEEP,,INE976T01013,Sagardeep Alloys Limited
NSE:SAGCEM,SAGCEM,,INE229C01021,Sagar Cements Limited
NSE:SAGILITY,SAGILITY,,INE0W2G01015,SAGILITY LIMITED
NSE:SAHLIBHFI,SAHLIBHFI,,INE861D01011,Shalibhadra Finance Limited
NSE:SAHYADRI,SAHYADRI,,INE280H01015,Sahyadri Industries Limited
NSE:SAIL,SAIL,,INE114A01011,Steel Authority of India Limited
NSE:SAILIFE,SAILIFE,,INE570L01029,Sai Life Sciences Limited
NSE:SAIPARENT,SAIPARENT,,INE0H9F01037,Sai Parenterals Limited
NSE:SAKAR,SAKAR,,INE732S01012,Sakar Healthcare Limited
NSE:SAKHTISUG,SAKHTISUG,,INE623A01011,Sakthi Sugars Limited
NSE:SAKSOFT,SAKSOFT,,INE667G01023,Saksoft Limited
NSE:SAKUMA,SAKUMA,,INE190H01024,Sakuma Exports Limited
NSE:SALASAR,SALASAR,,INE170V01027,Salasar Techno Engineering Limited
NSE:SALONA,SALONA,,INE498E01010,Salona Cotspin Limited
NSE:SALSTEEL,SALSTEEL,,INE658G01014,S.A.L. Steel Limited
NSE:SALZERELEC,SALZERELEC,,INE457F01013,Salzer Electronics Limited
NSE:SAMBHAAV,SAMBHAAV,,INE699B01027,Sambhaav Media Limited
NSE:SAMBHV,SAMBHV,,INE12NJ01018,Sambhv Steel Tubes Limited
NSE:SAMHI,SAMHI,,INE08U801020,Samhi Hotels Limited
NSE:SAMMAANCAP,SAMMAANCAP,,INE148I01020,Sammaan Capital Limited
NSE:SAMPANN,SAMPANN,,INE735M01018,Sampann Utpadan India Limited
NSE:SANATHAN,SANATHAN,,INE0JPD01013,Sanathan Textiles Limited
NSE:SANDESH,SANDESH,,INE583B01015,The Sandesh Limited
NSE:SANDHAR,SANDHAR,,INE278H01035,Sandhar Technologies Limited
NSE:SANDUMA,SANDUMA,,INE149K01016,Sandur Manganese & Iron Ores Limited
NSE:SANGAMIND,SANGAMIND,,INE495C01010,Sangam (India) Limited
NSE:SANGHVIMOV,SANGHVIMOV,,INE989A01032,Sanghvi Movers Limited
NSE:SANGINITA,SANGINITA,,INE753W01010,Sanginita Chemicals Limited
NSE:SANOFI,SANOFI,,INE058A01010,Sanofi India Limited
NSE:SANOFICONR,SANOFICONR,,INE0UOS01011,Sanofi Consumer Healthcare India Limited
NSE:SANSERA,SANSERA,,INE953O01021,Sansera Engineering Limited
NSE:SANSTAR,SANSTAR,,INE08NE01025,Sanstar Limited
NSE:SANWARIA,SANWARIA,,INE890C01046,Sanwaria Consumer Limited
NSE:SAPPHIRE,SAPPHIRE,,INE806T01020,Sapphire Foods India Limited
NSE:SAPPL,SAPPL,,INE185C01017,Shree Ajit Pulp & Paper Limited
NSE:SARDAEN,SARDAEN,,INE385C01021,Sarda Energy & Minerals Limited
NSE:SAREGAMA,SAREGAMA,,INE979A01025,Saregama India Limited
NSE:SARLAPOLY,SARLAPOLY,,INE453D01025,Sarla Performance Fibers Limited
NSE:SARVESHWAR,SARVESHWAR,,INE324X01026,Sarveshwar Foods Limited
NSE:SASKEN,SASKEN,,INE231F01020,Sasken Technologies Limited
NSE:SATIA,SATIA,,INE170E01023,Satia Industries Limited
NSE:SATIN,SATIN,,INE836B01017,Satin Creditcare Network Limited
NSE:SAURASHCEM,SAURASHCEM,,INE626A01014,Saurashtra Cement Limited
NSE:SAYAJIHOTL,SAYAJIHOTL,,INE318C01014,Sayaji Hotels Limited
NSE:SBC,SBC,,INE04AK01028,SBC Exports Limited
NSE:SBCL,SBCL,,INE386D01027,Shivalik Bimetal Controls Limited
NSE:SBFC,SBFC,,INE423Y01016,SBFC Finance Limited
NSE:SBGLP,SBGLP,,INE05ST01028,Suratwwala Business Group Limited
NSE:SBICARD,SBICARD,,INE018E01016,SBI Cards and Payment Services Limited
NSE:SBILIFE,SBILIFE,,INE123W01016,SBI Life Insurance Company Limited
NSE:SBIN,SBIN,,INE062A01020,State Bank of India
NSE:SCANSTL,SCANSTL,,INE099G01011,Scan Steels Limited
NSE:SCHAEFFLER,SCHAEFFLER,,INE513A01022,Schaeffler India Limited
NSE:SCHAND,SCHAND,,INE807K01035,S Chand And Company Limited
NSE:SCHNEIDER,SCHNEIDER,,INE839M01018,Schneider Electric Infrastructure Limited
NSE:SCI,SCI,,INE109A01011,Shipping Corporation Of India Limited
NSE:SCILAL,SCILAL,,INE0PB301013,Shipping Corporation of India Land and Assets Limited
NSE:SCODATUBES,SCODATUBES,,INE090501011,Scoda Tubes Limited
NSE:SCPL,SCPL,,INE501Y01019,Sheetal Cool Products Limited
NSE:SDBL,SDBL,,INE480C01038,Som Distilleries & Breweries Limited
NSE:SEAMECLTD,SEAMECLTD,,INE497B01018,Seamec Limited
NSE:SECMARK,SECMARK,,INE0BTM01013,SecMark Consultancy Limited
NSE:SECURKLOUD,SECURKLOUD,,INE650K01021,SECUREKLOUD TECHNOLOGIES LIMITED
NSE:SEDEMAC,SEDEMAC,,INE00XB01019,SEDEMAC Mechatronics Limited
NSE:SEIL,SEIL,,INE440T01028,Shanti Educational Initiatives Limited
NSE:SEJALLTD,SEJALLTD,,INE955I01044,Sejal Glass Limited
NSE:SELMC,SELMC,,INE105I01020,SEL Manufacturing Company Limited
NSE:SEMAC,SEMAC,,INE617A01013,Semac Construction Limited
NSE:SENCO,SENCO,,INE602W01027,Senco Gold Limited
NSE:SENORES,SENORES,,INE0RB801010,Senores Pharmaceuticals Limited
NSE:SEPC,SEPC,,INE964H01014,SEPC Limited
NSE:SERVOTECH,SERVOTECH,,INE782X01033,Servotech Renewable Power System Limited
NSE:SESHAPAPER,SESHAPAPER,,INE630A01024,Seshasayee Paper and Boards Limited
NSE:SETCO,SETCO,,INE878E01021,Setco Automotive Limited
NSE:SETL,SETL,,INE0M4D01010,Standard Engineering Technology Limited
NSE:SETUINFRA,SETUINFRA,,INE023M01027,Setubandhan Infrastructure Limited
NSE:SEYAIND,SEYAIND,,INE573R01012,Seya Industries Limited
NSE:SFL,SFL,,INE916U01025,Sheela Foam Limited
NSE:SGFIN,SGFIN,,INE618R01015,SG Finserve Limited
NSE:SGIL,SGIL,,INE00QT01015,Synergy Green Industries Limited
NSE:SGL,SGL,,INE353H01010,STL Global Limited
NSE:SGMART,SGMART,,INE385F01024,SG Mart Limited
NSE:SHADOWFAX,SHADOWFAX,,INE12UN01015,Shadowfax Technologies Limited
NSE:SHAH,SHAH,,INE482J01021,Shah Metacorp Limited
NSE:SHAH-RE1,SHAH-RE1,,INE482J20021,Shah Metacorp Ltd-RE
NSE:SHAHALLOYS,SHAHALLOYS,,INE640C01011,Shah Alloys Limited
NSE:SHAILY,SHAILY,,INE151G01028,Shaily Engineering Plastics Limited
NSE:SHAKTIPUMP,SHAKTIPUMP,,INE908D01010,Shakti Pumps (India) Limited
NSE:SHALBY,SHALBY,,INE597J01018,Shalby Limited
NSE:SHALPAINTS,SHALPAINTS,,INE849C01026,Shalimar Paints Limited
NSE:SHANKARA,SHANKARA,,INE274V01019,Shankara Building Products Limited
NSE:SHANTI,SHANTI,,INE933X01016,Shanti Overseas (India) Limited
NSE:SHANTIGEAR,SHANTIGEAR,,INE631A01022,Shanthi Gears Limited
NSE:SHANTIGOLD,SHANTIGOLD,,INE06ZD01017,Shanti Gold International Limited
NSE:SHARDACROP,SHARDACROP,,INE221J01015,Sharda Cropchem Limited
NSE:SHARDAMOTR,SHARDAMOTR,,INE597I01028,Sharda Motor Industries Limited
NSE:SHARDUL,SHARDUL,,INE037B01020,Shardul Securities Limited
NSE:SHAREINDIA,SHAREINDIA,,INE932X01026,Share India Securities Limited
NSE:SHBAJRG,SHBAJRG,,INE402H01015,Shri Bajrang Alliance Limited
NSE:SHEKHAWATI,SHEKHAWATI,,INE268L01046,Shekhawati Industries Limited
NSE:SHEMAROO,SHEMAROO,,INE363M01019,Shemaroo Entertainment Limited
NSE:SHILCTECH,SHILCTECH,,INE024F01011,Shilchar Technologies Limited
NSE:SHILPAMED,SHILPAMED,,INE790G01031,Shilpa Medicare Limited
NSE:SHINDL,SHINDL,,INE220Z01013,Sharat Industries Limited
NSE:SHIVALIK,SHIVALIK,,INE788J01021,Shivalik Rasayan Limited
NSE:SHIVAMAUTO,SHIVAMAUTO,,INE637H01024,Shivam Autotech Limited
NSE:SHIVAMILLS,SHIVAMILLS,,INE644Y01017,Shiva Mills Limited
NSE:SHIVATEX,SHIVATEX,,INE705C01020,Shiva Texyarn Limited
NSE:SHIVAUM,SHIVAUM,,INE719F01016,Shiv Aum Steels Limited
NSE:SHK,SHK,,INE500L01026,S H Kelkar and Company Limited
NSE:SHOPERSTOP,SHOPERSTOP,,INE498B01024,Shoppers Stop Limited
NSE:SHRADHA,SHRADHA,,INE715Y01031,Shradha Realty Limited
NSE:SHREDIGCEM,SHREDIGCEM,,INE232A01011,Shree Digvijay Cement Co.Ltd
NSE:SHREECEM,SHREECEM,,INE070A01015,SHREE CEMENT LIMITED
NSE:SHREEJISPG,SHREEJISPG,,INE1B6101010,Shreeji Shipping Global Limited
NSE:SHREEPUSHK,SHREEPUSHK,,INE712K01011,Shree Pushkar Chemicals & Fertilisers Limited
NSE:SHREERAMA,SHREERAMA,,INE879A01019,Shree Rama Multi-Tech Limited
NSE:SHRENIK,SHRENIK,,INE632X01030,Shrenik Limited
NSE:SHREYANIND,SHREYANIND,,INE231C01019,Shreyans Industries Limited
NSE:SHRIKRISH,SHRIKRISH,,INE997I01012,Shri Krishna Devcon Limited
NSE:SHRINGARMS,SHRINGARMS,,INE1B3L01017,Shringar House of Mangalsutra Limited
NSE:SHRIPISTON,SHRIPISTON,,INE526E01018,Shriram Pistons & Rings Limited
NSE:SHRIRAMFIN,SHRIRAMFIN,,INE721A01047,Shriram Finance Limited
NSE:SHRIRAMPPS,SHRIRAMPPS,,INE217L01019,Shriram Properties Limited
NSE:SHYAMCENT,SHYAMCENT,,INE979R01011,Shyam Century Ferrous Limited
NSE:SHYAMMETL,SHYAMMETL,,INE810G01011,Shyam Metalics and Energy Limited
NSE:SHYAMTEL,SHYAMTEL,,INE635A01023,Shyam Telecom Limited
NSE:SICAGEN,SICAGEN,,INE176J01011,Sicagen India Limited
NSE:SICALLOG,SICALLOG,,INE075B01020,Sical Logistics Limited
NSE:SIEMENS,SIEMENS,,INE003A01024,Siemens Limited
NSE:SIGACHI,SIGACHI,,INE0D0K01022,Sigachi Industries Limited
NSE:SIGIND,SIGIND,,INE529F01035,Signet Industries Limited
NSE:SIGMA,SIGMA,,INE0A0S01028,Sigma Solve Limited
NSE:SIGMAADV,SIGMAADV,,INE933B01012,SIGMA ADVANCED SYSTEMS LIMITED
NSE:SIGNATURE,SIGNATURE,,INE903U01023,Signatureglobal (India) Limited
NSE:SIGNPOST,SIGNPOST,,INE0KGZ01021,Signpost India Limited
NSE:SIKA,SIKA,,INE438E01032,Sika Interplant Systems Limited
NSE:SIKKO,SIKKO,,INE112X01025,Sikko Industries Limited
NSE:SIL,SIL,,INE173A01025,Standard Industries Limited
NSE:SILGO,SILGO,,INE01II01013,Silgo Retail Limited
NSE:SILINV,SILINV,,INE923A01015,SIL Investments Limited
NSE:SILLYMONKS,SILLYMONKS,,INE203Y01012,Silly Monks Entertainment Limited
NSE:SILVERTUC,SILVERTUC,,INE625X01026,Silver Touch Technologies Limited
NSE:SIMBHALS,SIMBHALS,,INE748T01016,Simbhaoli Sugars Limited
NSE:SIMPLEXINF,SIMPLEXINF,,INE059B01024,Simplex Infrastructures Limited
NSE:SINCLAIR,SINCLAIR,,INE985A01022,Sinclairs Hotels Limited
NSE:SINDHUTRAD,SINDHUTRAD,,INE325D01025,Sindhu Trade Links Limited
NSE:SINGERIND,SINGERIND,,INE638A01035,Singer India Limited
NSE:SINTERCOM,SINTERCOM,,INE129Z01016,Sintercom India Limited
NSE:SIRCA,SIRCA,,INE792Z01011,Sirca Paints India Limited
NSE:SIS,SIS,,INE285J01028,SIS LIMITED
NSE:SITINET,SITINET,,INE965H01011,Siti Networks Limited
NSE:SIYSIL,SIYSIL,,INE076B01028,Siyaram Silk Mills Limited
NSE:SJS,SJS,,INE284S01014,S.J.S. Enterprises Limited
NSE:SJVN,SJVN,,INE002L01015,SJVN Limited
NSE:SKFINDIA,SKFINDIA,,INE640A01023,SKF India Limited
NSE:SKFINDUS,SKFINDUS,,INE2J8701016,SKF India (Industrial) Limited
NSE:SKIPPER,SKIPPER,,INE439E01022,Skipper Limited
NSE:SKMEGGPROD,SKMEGGPROD,,INE411D01023,SKM Egg Products Export (India) Limited
NSE:SKYGOLD,SKYGOLD,,INE01IU01018,SKY GOLD AND DIAMONDS LIMITED
NSE:SMARTLINK,SMARTLINK,,INE178C01020,Smartlink Holdings Limited
NSE:SMARTWORKS,SMARTWORKS,,INE0NAZ01010,Smartworks Coworking Spaces Limited
NSE:SMCGLOBAL,SMCGLOBAL,,INE103C01036,SMC Global Securities Limited
NSE:SMLMAH,SMLMAH,,INE294B01019,SML Mahindra Limited
NSE:SMLT,SMLT,,INE017W01010,Sarthak Metals Limited
NSE:SMSPHARMA,SMSPHARMA,,INE812G01025,SMS Pharmaceuticals Limited
NSE:SNOWMAN,SNOWMAN,,INE734N01019,Snowman Logistics Limited
NSE:SOBHA,SOBHA,,INE671H01015,Sobha Limited
NSE:SOFTTECH,SOFTTECH,,INE728Z01015,Softtech Engineers Limited
NSE:SOLARA,SOLARA,,INE624Z01016,Solara Active Pharma Sciences Limited
NSE:SOLARINDS,SOLARINDS,,INE343H01029,Solar Industries India Limited
NSE:SOLARWORLD,SOLARWORLD,,INE0TY101024,Solarworld Energy Solutions Limited
NSE:SOLEX,SOLEX,,INE880Y01017,Solex Energy Limited
NSE:SOMANYCERA,SOMANYCERA,,INE355A01028,Somany Ceramics Limited
NSE:SOMATEX,SOMATEX,,INE314C01013,Soma Textiles & Industries Limited
NSE:SOMICONVEY,SOMICONVEY,,INE323J01019,Somi Conveyor Beltings Limited
NSE:SONACOMS,SONACOMS,,INE073K01018,Sona BLW Precision Forgings Limited
NSE:SONAL,SONAL,,INE321M01017,Sonal Mercantile Limited
NSE:SONAMLTD,SONAMLTD,,INE00LM01029,SONAM LIMITED
NSE:SONATSOFTW,SONATSOFTW,,INE269A01021,Sonata Software Limited
NSE:SOTL,SOTL,,INE035D01020,Savita Oil Technologies Limited
NSE:SOUTHBANK,SOUTHBANK,,INE683A01023,The South Indian Bank Limited
NSE:SOUTHWEST,SOUTHWEST,,INE980Y01015,South West Pinnacle Exploration Limited
NSE:SPAL,SPAL,,INE212I01016,S. P. Apparels Limited
NSE:SPANDANA,SPANDANA,,INE572J01011,Spandana Sphoorty Financial Limited
NSE:SPARC,SPARC,,INE232I01014,Sun Pharma Advanced Research Company Limited
NSE:SPCENET,SPCENET,,INE970N01027,Spacenet Enterprises India Limited
NSE:SPECIALITY,SPECIALITY,,INE247M01014,Speciality Restaurants Limited
NSE:SPECTRUM,SPECTRUM,,INE01EO01010,Spectrum Electrical Industries Limited
NSE:SPENCERS,SPENCERS,,INE020801028,Spencer's Retail Limited
NSE:SPIC,SPIC,,INE147A01011,Southern Petrochemicals Industries Corporation  Limited
NSE:SPLIL,SPLIL,,INE978G01016,SPL Industries Limited
NSE:SPLPETRO,SPLPETRO,,INE663A01033,Supreme Petrochem Limited
NSE:SPMLINFRA,SPMLINFRA,,INE937A01023,SPML Infra Limited
NSE:SPORTKING,SPORTKING,,INE885H01029,Sportking India Limited
NSE:SRD,SRD,,INE01NE01012,Shankar Lal Rampal Dye-Chem Limited
NSE:SREEL,SREEL,,INE099F01013,Sreeleathers Limited
NSE:SRF,SRF,,INE647A01010,SRF Limited
NSE:SRGHFL,SRGHFL,,INE559N01010,SRG Housing Finance Limited
NSE:SRHHYPOLTD,SRHHYPOLTD,,INE917H01012,Sree Rayalaseema Hi-Strength Hypo Limited
NSE:SRM,SRM,,INE0R6Z01013,SRM Contractors Limited
NSE:SRTL,SRTL,,INE19GK01015,Shree Ram Twistex Limited
NSE:SSDL,SSDL,,INE0PQ101010,Saraswati Saree Depot Limited
NSE:SSWL,SSWL,,INE802C01033,Steel Strips Wheels Limited
NSE:STALLION,STALLION,,INE0RYC01010,Stallion India Fluorochemicals Limited
NSE:STANLEY,STANLEY,,INE01A001028,Stanley Lifestyles Limited
NSE:STAR,STAR,,INE939A01011,Strides Pharma Science Limited
NSE:STARCEMENT,STARCEMENT,,INE460H01021,Star Cement Limited
NSE:STARHEALTH,STARHEALTH,,INE575P01011,Star Health and Allied Insurance Company Limited
NSE:STARPAPER,STARPAPER,,INE733A01018,Star Paper Mills Limited
NSE:STARTECK,STARTECK,,INE992I01013,Starteck Finance Limited
NSE:STCINDIA,STCINDIA,,INE655A01013,The State Trading Corporation of India Limited
NSE:STEELCAS,STEELCAS,,INE124E01038,Steelcast Limited
NSE:STEELCITY,STEELCITY,,INE395H01011,Steel City Securities Limited
NSE:STEELXIND,STEELXIND,,INE503B01021,STEEL EXCHANGE INDIA LIMITED
NSE:STEL,STEL,,INE577L01016,Stel Holdings Limited
NSE:STERTOOLS,STERTOOLS,,INE334A01023,Sterling Tools Limited
NSE:STLNETWORK,STLNETWORK,,INE1VXE01018,STL Networks Limited
NSE:STLTECH,STLTECH,,INE089C01029,Sterlite Technologies Limited
NSE:STOVEKRAFT,STOVEKRAFT,,INE00IN01015,Stove Kraft Limited
NSE:STUDDS,STUDDS,,INE00Q601028,Studds Accessories Limited
NSE:STYL,STYL,,INE04VU01023,Seshaasai Technologies Limited
NSE:STYLAMIND,STYLAMIND,,INE239C01020,Stylam Industries Limited
NSE:STYLEBAAZA,STYLEBAAZA,,INE01FR01028,Baazar Style Retail Limited
NSE:STYRENIX,STYRENIX,,INE189B01011,Styrenix Performance Materials Limited
NSE:SUBEXLTD,SUBEXLTD,,INE754A01055,Subex Limited
NSE:SUBROS,SUBROS,,INE287B01021,Subros Limited
NSE:SUDARCOLOR,SUDARCOLOR,,INE492A01029,Sudarshan Colorants India Limited
NSE:SUDARSCHEM,SUDARSCHEM,,INE659A01023,Sudarshan Chemical Industries Limited
NSE:SUDEEPPHRM,SUDEEPPHRM,,INE0QPI01025,Sudeep Pharma Limited
NSE:SUKHJITS,SUKHJITS,,INE450E01029,Sukhjit Starch & Chemicals Limited
NSE:SULA,SULA,,INE142Q01026,Sula Vineyards Limited
NSE:SUMEET-RE,SUMEET-RE,,INE235C20010,Sumeet Industries Limited-RE
NSE:SUMEETINDS,SUMEETINDS,,INE235C01036,Sumeet Industries Limited
NSE:SUMICHEM,SUMICHEM,,INE258G01013,Sumitomo Chemical India Limited
NSE:SUMIT,SUMIT,,INE748Z01013,Sumit Woods Limited
NSE:SUMMITSEC,SUMMITSEC,,INE519C01017,Summit Securities Limited
NSE:SUNCLAY,SUNCLAY,,INE0Q3R01026,Sundaram Clayton Limited
NSE:SUNDARAM,SUNDARAM,,INE108E01023,Sundaram Multi Pap Limited
NSE:SUNDARMFIN,SUNDARMFIN,,INE660A01013,Sundaram Finance Limited
NSE:SUNDRMBRAK,SUNDRMBRAK,,INE073D01013,Sundaram Brake Linings Limited
NSE:SUNDRMFAST,SUNDRMFAST,,INE387A01021,Sundram Fasteners Limited
NSE:SUNDROP,SUNDROP,,INE209A01019,Sundrop Brands Limited
NSE:SUNFLAG,SUNFLAG,,INE947A01014,Sunflag Iron And Steel Company Limited
NSE:SUNPHARMA,SUNPHARMA,,INE044A01036,Sun Pharmaceutical Industries Limited
NSE:SUNTECK,SUNTECK,,INE805D01034,Sunteck Realty Limited
NSE:SUNTV,SUNTV,,INE424H01027,Sun TV Network Limited
NSE:SUPERHOUSE,SUPERHOUSE,,INE712B01010,Superhouse Limited
NSE:SUPERSPIN,SUPERSPIN,,INE662A01027,Super Spinning Mills Limited
NSE:SUPRAJIT,SUPRAJIT,,INE399C01030,Suprajit Engineering Limited
NSE:SUPREME,SUPREME,,INE822E01011,Supreme Holdings & Hospitality (India) Limited
NSE:SUPREMEENG,SUPREMEENG,,INE319Z01021,Supreme Engineering Limited
NSE:SUPREMEIND,SUPREMEIND,,INE195A01028,Supreme Industries Limited
NSE:SUPREMEINF,SUPREMEINF,,INE550H01011,Supreme Infrastructure India Limited
NSE:SUPRIYA,SUPRIYA,,INE07RO01027,Supriya Lifescience Limited
NSE:SURAJEST,SURAJEST,,INE843S01025,Suraj Estate Developers Limited
NSE:SURAJLTD,SURAJLTD,,INE713C01016,Suraj Limited
NSE:SURAKSHA,SURAKSHA,,INE877V01027,Suraksha Diagnostic Limited
NSE:SURANASOL,SURANASOL,,INE272L01022,Surana Solar Limited
NSE:SURANAT&P,SURANAT&P,,INE130B01031,Surana Telecom and Power Limited
NSE:SURYALA,SURYALA,,INE132C01027,Suryalata Spinning Mills Limited
NSE:SURYALAXMI,SURYALAXMI,,INE713B01026,Suryalakshmi Cotton Mills Limited
NSE:SURYAROSNI,SURYAROSNI,,INE335A01020,Surya Roshni Limited
NSE:SURYODAY,SURYODAY,,INE428Q01011,Suryoday Small Finance Bank Limited
NSE:SUTLEJTEX,SUTLEJTEX,,INE645H01027,Sutlej Textiles and Industries Limited
NSE:SUVEN,SUVEN,,INE495B01038,Suven Life Sciences Limited
NSE:SUVIDHAA,SUVIDHAA,,INE018401013,Suvidhaa Infoserve Limited
NSE:SUYOG,SUYOG,,INE442P01014,Suyog Telematics Limited
NSE:SUZLON,SUZLON,,INE040H01021,Suzlon Energy Limited
NSE:SVLL,SVLL,,INE00CE01017,Shree Vasu Logistics Limited
NSE:SVPGLOB,SVPGLOB,,INE308E01029,SVP GLOBAL TEXTILES LIMITED
NSE:SWANCORP,SWANCORP,,INE665A01038,SWAN CORP LIMITED
NSE:SWANDEF,SWANDEF,,INE542F01020,Swan Defence and Heavy Industries Limited
NSE:SWARAJENG,SWARAJENG,,INE277A01016,Swaraj Engines Limited
NSE:SWELECTES,SWELECTES,,INE409B01013,Swelect Energy Systems Limited
NSE:SWIGGY,SWIGGY,,INE00H001014,Swiggy Limited
NSE:SWSOLAR,SWSOLAR,,INE00M201021,Sterling and Wilson Renewable Energy Limited
NSE:SYMPHONY,SYMPHONY,,INE225D01027,Symphony Limited
NSE:SYNCOMF,SYNCOMF,,INE312C01025,Syncom Formulations (India) Limited
NSE:SYNGENE,SYNGENE,,INE398R01022,Syngene International Limited
NSE:SYRMA,SYRMA,,INE0DYJ01015,Syrma SGS Technology Limited
NSE:SYSTMTXC,SYSTMTXC,,INE356B01024,Systematix Corporate Services Limited
NSE:TAALTECH,TAALTECH,,INE524T01011,Taal Tech Limited
NSE:TAINWALCHM,TAINWALCHM,,INE123C01018,Tainwala Chemical and Plastic (I) Limited
NSE:TAJGVK,TAJGVK,,INE586B01026,Taj GVK Hotels & Resorts Limited
NSE:TAKE,TAKE,,INE142I01023,Take Solutions Limited
NSE:TALBROAUTO,TALBROAUTO,,INE187D01029,Talbros Automotive Components Limited
NSE:TAMBOLIIN,TAMBOLIIN,,INE864J01012,Tamboli Industries Limited
NSE:TANLA,TANLA,,INE483C01032,Tanla Platforms Limited
NSE:TARACHAND,TARACHAND,,INE555Z01020,Tara Chand InfraLogistic Solutions Limited
NSE:TARAPUR,TARAPUR,,INE747K01017,Tarapur Transformers Limited
NSE:TARC,TARC,,INE0EK901012,TARC Limited
NSE:TARIL,TARIL,,INE763I01026,Transformers And Rectifiers (India) Limited
NSE:TARMAT,TARMAT,,INE924H01018,Tarmat Limited
NSE:TARSONS,TARSONS,,INE144Z01023,Tarsons Products Limited
NSE:TASTYBITE,TASTYBITE,,INE488B01017,Tasty Bite Eatables Limited
NSE:TATACAP,TATACAP,,INE976I01016,Tata Capital Limited
NSE:TATACHEM,TATACHEM,,INE092A01019,Tata Chemicals Limited
NSE:TATACOMM,TATACOMM,,INE151A01013,Tata Communications Limited
NSE:TATACONSUM,TATACONSUM,,INE192A01025,TATA CONSUMER PRODUCTS LIMITED
NSE:TATAELXSI,TATAELXSI,,INE670A01012,Tata Elxsi Limited
NSE:TATAINVEST,TATAINVEST,,INE672A01026,Tata Investment Corporation Limited
NSE:TATAPOWER,TATAPOWER,,INE245A01021,Tata Power Company Limited
NSE:TATASTEEL,TATASTEEL,,INE081A01020,Tata Steel Limited
NSE:TATATECH,TATATECH,,INE142M01025,Tata Technologies Limited
NSE:TATVA,TATVA,,INE0GK401011,Tatva Chintan Pharma Chem Limited
NSE:TBOTEK,TBOTEK,,INE673O01025,TBO Tek Limited
NSE:TBZ,TBZ,,INE760L01018,Tribhovandas Bhimji Zaveri Limited
NSE:TCC,TCC,,INE887D01016,TCC Concept Limited
NSE:TCI,TCI,,INE688A01022,Transport Corporation of India Limited
NSE:TCIEXP,TCIEXP,,INE586V01016,TCI Express Limited
NSE:TCIFINANCE,TCIFINANCE,,INE911B01018,TCI Finance Limited
NSE:TCPLPACK,TCPLPACK,,INE822C01015,TCPL Packaging Limited
NSE:TCS,TCS,,INE467B01029,Tata Consultancy Services Limited
NSE:TDPOWERSYS,TDPOWERSYS,,INE419M01027,TD Power Systems Limited
NSE:TEAMGTY,TEAMGTY,,INE289C01025,Team India Guaranty Limited
NSE:TEAMLEASE,TEAMLEASE,,INE985S01024,Teamlease Services Limited
NSE:TECHM,TECHM,,INE669C01036,Tech Mahindra Limited
NSE:TECHNOE,TECHNOE,,INE285K01026,Techno Electric & Engineering Company Limited
NSE:TECHNVISN,TECHNVISN,,INE314H01012,TechNVision Ventures Limited
NSE:TECILCHEM,TECILCHEM,,INE014B01011,TECIL Chemicals and Hydro Power Limited
NSE:TEGA,TEGA,,INE011K01018,Tega Industries Limited
NSE:TEJASNET,TEJASNET,,INE010J01012,Tejas Networks Limited
NSE:TEMBO,TEMBO,,INE869Y01010,Tembo Global Industries Limited
NSE:TENNIND,TENNIND,,INE19RI01016,Tenneco Clean Air India Limited
NSE:TERASOFT,TERASOFT,,INE482B01010,Tera Software Limited
NSE:TEXINFRA,TEXINFRA,,INE435C01024,Texmaco Infrastructure & Holdings Limited
NSE:TEXMOPIPES,TEXMOPIPES,,INE141K01013,Texmo Pipes and Products Limited
NSE:TEXRAIL,TEXRAIL,,INE621L01012,Texmaco Rail & Engineering Limited
NSE:TFCILTD,TFCILTD,,INE305A01023,Tourism Finance Corporation of India Limited
NSE:TFL,TFL,,INE804H01012,Transwarranty Finance Limited
NSE:TGBHOTELS,TGBHOTELS,,INE797H01018,TGB Banquets And Hotels Limited
NSE:THACKER,THACKER,,INE077P01034,Thacker & Company Limited
NSE:THAKDEV,THAKDEV,,INE403F01017,Thakkers Developers Limited
NSE:THANGAMAYL,THANGAMAYL,,INE085J01014,Thangamayil Jewellery Limited
NSE:THEINVEST,THEINVEST,,INE924D01017,The Investment Trust Of India Limited
NSE:THEJO,THEJO,,INE121N01019,Thejo Engineering Limited
NSE:THELEELA,THELEELA,,INE0AQ201015,Leela Palaces Hotels & Resorts Limited
NSE:THEMISMED,THEMISMED,,INE083B01024,Themis Medicare Limited
NSE:THERMAX,THERMAX,,INE152A01029,Thermax Limited
NSE:THOMASCOOK,THOMASCOOK,,INE332A01027,Thomas Cook  (India)  Limited
NSE:THOMASCOTT,THOMASCOTT,,INE480M01011,Thomas Scott (India) Limited
NSE:THYROCARE,THYROCARE,,INE594H01019,Thyrocare Technologies Limited
NSE:TI,TI,,INE133E01013,Tilaknagar Industries Limited
NSE:TICL,TICL,,INE388G01026,Twamev Construction and Infrastructure Limited
NSE:TIGERLOGS,TIGERLOGS,,INE906O01029,Tiger Logistics (India) Limited
NSE:TIIL,TIIL,,INE545H01011,Technocraft Industries (India) Limited
NSE:TIINDIA,TIINDIA,,INE974X01010,Tube Investments of India Limited
NSE:TIJARIA,TIJARIA,,INE440L01017,Tijaria Polypipes Limited
NSE:TIL,TIL,,INE806C01018,TIL Limited
NSE:TIMETECHNO,TIMETECHNO,,INE508G01029,Time Technoplast Limited
NSE:TIMEX,TIMEX,,INE064A01026,Timex Group India Limited
NSE:TIMKEN,TIMKEN,,INE325A01013,Timken India Limited
NSE:TINNARUBR,TINNARUBR,,INE015C01016,Tinna Rubber and Infrastructure Limited
NSE:TIPSFILMS,TIPSFILMS,,INE0LQS01015,Tips Films Limited
NSE:TIPSMUSIC,TIPSMUSIC,,INE716B01029,Tips Music Limited
NSE:TIRUMALCHM,TIRUMALCHM,,INE338A01024,Thirumalai Chemicals Limited
NSE:TIRUPATIFL,TIRUPATIFL,,INE319Y01024,Tirupati Forge Limited
NSE:TITAGARH,TITAGARH,,INE615H01020,TITAGARH RAIL SYSTEMS LIMITED
NSE:TITAN,TITAN,,INE280A01028,Titan Company Limited
NSE:TMB,TMB,,INE668A01016,Tamilnad Mercantile Bank Limited
NSE:TMCV,TMCV,,INE1TAE01010,Tata Motors Limited
NSE:TMPV,TMPV,,INE155A01022,Tata Motors Passenger Vehicles Limited
NSE:TNPETRO,TNPETRO,,INE148A01019,Tamilnadu PetroProducts Limited
NSE:TNPL,TNPL,,INE107A01015,Tamil Nadu Newsprint & Papers Limited
NSE:TNTELE,TNTELE,,INE141D01018,Tamilnadu Telecommunication Limited
NSE:TOKYOPLAST,TOKYOPLAST,,INE932C01012,Tokyo Plast International Limited
NSE:TOLINS,TOLINS,,INE0RWQ01014,Tolins Tyres Limited
NSE:TORNTPHARM,TORNTPHARM,,INE685A01028,Torrent Pharmaceuticals Limited
NSE:TORNTPOWER,TORNTPOWER,,INE813H01021,Torrent Power Limited
NSE:TOTAL,TOTAL,,INE336X01012,Total Transport Systems Limited
NSE:TOUCHWOOD,TOUCHWOOD,,INE486Y01013,Touchwood Entertainment Limited
NSE:TPHQ,TPHQ,,INE065J01024,Teamo Productions HQ Limited
NSE:TPLPLASTEH,TPLPLASTEH,,INE413G01022,TPL Plastech Limited
NSE:TRACXN,TRACXN,,INE0HMF01019,Tracxn Technologies Limited
NSE:TRANSPEK,TRANSPEK,,INE687A01016,Transpek Industry Limited
NSE:TRANSRAILL,TRANSRAILL,,INE454P01035,Transrail Lighting Limited
NSE:TRANSWORLD,TRANSWORLD,,INE757B01015,TRANSWORLD SHIPPING LINES LIMITED
NSE:TRAVELFOOD,TRAVELFOOD,,INE103V01028,Travel Food Services Limited
NSE:TREEHOUSE,TREEHOUSE,,INE040M01013,Tree House Education & Accessories Limited
NSE:TREJHARA,TREJHARA,,INE00CA01015,TREJHARA SOLUTIONS LIMITED
NSE:TREL,TREL,,INE0O3901029,Transindia Real Estate Limited
NSE:TRENT,TRENT,,INE849A01020,Trent Limited
NSE:TRF,TRF,,INE391D01019,TRF Limited
NSE:TRIDENT,TRIDENT,,INE064C01022,Trident Limited
NSE:TRIGYN,TRIGYN,,INE948A01012,Trigyn Technologies Limited
NSE:TRITURBINE,TRITURBINE,,INE152M01016,Triveni Turbine Limited
NSE:TRIVENI,TRIVENI,,INE256C01024,Triveni Engineering & Industries Limited
NSE:TRU,TRU,,INE615R01029,TruCap Finance Limited
NSE:TRUALT,TRUALT,,INE0MWH01014,TruAlt Bioenergy Limited
NSE:TSFINV,TSFINV,,INE202Z01029,TSF INVESTMENTS LIMITED
NSE:TTKHLTCARE,TTKHLTCARE,,INE910C01018,TTK Healthcare Limited
NSE:TTKPRESTIG,TTKPRESTIG,,INE690A01028,TTK Prestige Limited
NSE:TTL,TTL,,INE592B01024,T T Limited
NSE:TTML,TTML,,INE517B01013,Tata Teleservices (Maharashtra) Limited
NSE:TVSELECT,TVSELECT,,INE236G01019,TVS Electronics Limited
NSE:TVSHLTD,TVSHLTD,,INE105A01035,TVS Holdings Limited
NSE:TVSMOTOR,TVSMOTOR,,INE494B01023,TVS Motor Company Limited
NSE:TVSSCS,TVSSCS,,INE395N01027,TVS Supply Chain Solutions Limited
NSE:TVSSRICHAK,TVSSRICHAK,,INE421C01016,TVS Srichakra Limited
NSE:TVTODAY,TVTODAY,,INE038F01029,TV Today Network Limited
NSE:TVVISION,TVVISION,,INE871L01013,TV Vision Limited
NSE:UBL,UBL,,INE686F01025,United Breweries Limited
NSE:UCAL,UCAL,,INE139B01016,UCAL LIMITED
NSE:UCOBANK,UCOBANK,,INE691A01018,UCO Bank
NSE:UDS,UDS,,INE851I01011,Updater Services Limited
NSE:UEL,UEL,,INE899L01030,Ujaas Energy Limited
NSE:UFBL,UFBL,,INE382M01027,United Foodbrands Limited
NSE:UFLEX,UFLEX,,INE516A01017,UFLEX Limited
NSE:UFO,UFO,,INE527H01019,UFO Moviez India Limited
NSE:UGARSUGAR,UGARSUGAR,,INE071E01023,The Ugar Sugar Works Limited
NSE:UGROCAP,UGROCAP,,INE583D01011,Ugro Capital Limited
NSE:UJJIVANSFB,UJJIVANSFB,,INE551W01018,Ujjivan Small Finance Bank Limited
NSE:ULTRACEMCO,ULTRACEMCO,,INE481G01011,UltraTech Cement Limited
NSE:ULTRAMAR,ULTRAMAR,,INE405A01021,Ultramarine & Pigments Limited
NSE:UMAEXPORTS,UMAEXPORTS,,INE0GIU01018,Uma Exports Limited
NSE:UMESLTD,UMESLTD,,INE240C01028,Usha Martin Education & Solutions Limited
NSE:UMIYA-MRO,UMIYA-MRO,,INE398B01018,UMIYA BUILDCON LIMITED
NSE:UNICHEMLAB,UNICHEMLAB,,INE351A01035,Unichem Laboratories Limited
NSE:UNIDT,UNIDT,,INE961D01019,United Drilling Tools Limited
NSE:UNIECOM,UNIECOM,,INE00U401027,Unicommerce Esolutions Limited
NSE:UNIENTER,UNIENTER,,INE037A01022,Uniphos Enterprises Limited
NSE:UNIINFO,UNIINFO,,INE481Z01011,Uniinfo Telecom Services Limited
NSE:UNIMECH,UNIMECH,,INE0U3I01011,Unimech Aerospace and Manufacturing Limited
NSE:UNIONBANK,UNIONBANK,,INE692A01016,Union Bank of India
NSE:UNIPARTS,UNIPARTS,,INE244O01017,Uniparts India Limited
NSE:UNITDSPR,UNITDSPR,,INE854D01024,United Spirits Limited
NSE:UNITECH,UNITECH,,INE694A01020,Unitech Limited
NSE:UNITEDPOLY,UNITEDPOLY,,INE368U01029,United Polyfab Gujarat Limited
NSE:UNITEDTEA,UNITEDTEA,,INE458F01011,The United Nilgiri Tea Estates Company Limited
NSE:UNIVASTU,UNIVASTU,,INE562X01013,Univastu India Limited
NSE:UNIVCABLES,UNIVCABLES,,INE279A01012,Universal Cables Limited
NSE:UNIVPHOTO,UNIVPHOTO,,INE03V001013,Universus Photo Imagings Limited
NSE:UNOMINDA,UNOMINDA,,INE405E01023,UNO Minda Limited
NSE:UPL,UPL,,INE628A01036,UPL Limited
NSE:URAVIDEF,URAVIDEF,,INE568Z01015,Uravi Defence and Technology Limited
NSE:URBANCO,URBANCO,,INE0CAZ01013,Urban Company Limited
NSE:URJA,URJA,,INE550C01020,Urja Global Limited
NSE:USHAMART,USHAMART,,INE228A01035,Usha Martin Limited
NSE:USK,USK,,INE0N0Y01013,Udayshivakumar Infra Limited
NSE:UTIAMC,UTIAMC,,INE094J01016,UTI Asset Management Company Limited
NSE:UTKARSHBNK,UTKARSHBNK,,INE735W01017,Utkarsh Small Finance Bank Limited
NSE:UTLSOLAR,UTLSOLAR,,INE12UR01024,Fujiyama Power Systems Limited
NSE:UTTAMSUGAR,UTTAMSUGAR,,INE786F01031,Uttam Sugar Mills Limited
NSE:UYFINCORP,UYFINCORP,,INE152C01025,U. Y. Fincorp Limited
NSE:V2RETAIL,V2RETAIL,,INE945H01021,V2 Retail Limited
NSE:VADILALIND,VADILALIND,,INE694D01016,Vadilal Industries Limited
NSE:VAIBHAVGBL,VAIBHAVGBL,,INE884A01027,Vaibhav Global Limited
NSE:VAISHALI,VAISHALI,,INE972X01022,Vaishali Pharma Limited
NSE:VAKRANGEE,VAKRANGEE,,INE051B01021,Vakrangee Limited
NSE:VALIANTLAB,VALIANTLAB,,INE0JWS01017,Valiant Laboratories Limited
NSE:VALIANTORG,VALIANTORG,,INE565V01010,Valiant Organics Limited
NSE:VAML,VAML,,INE1CDF01017,Vedanta Aluminium Metal Limited
NSE:VARDHACRLC,VARDHACRLC,,INE116G01013,Vardhman Acrylics Limited
NSE:VARDMNPOLY,VARDMNPOLY,,INE835A01029,Vardhman Polytex Limited
NSE:VARROC,VARROC,,INE665L01035,Varroc Engineering Limited
NSE:VASCONEQ,VASCONEQ,,INE893I01013,Vascon Engineers Limited
NSE:VASWANI,VASWANI,,INE590L01019,Vaswani Industries Limited
NSE:VBL,VBL,,INE200M01039,Varun Beverages Limited
NSE:VCL,VCL,,INE098201036,Vaxtex Cotfab Limited
NSE:VEDL,VEDL,,INE205A01025,Vedanta Limited
NSE:VEDPOWER,VEDPOWER,,INE694L01019,Vedanta Power Limited
NSE:VEEDOL,VEEDOL,,INE484C01030,Veedol Corporation Limited
NSE:VELJAN,VELJAN,,INE232E01013,Veljan Denison Limited
NSE:VENKEYS,VENKEYS,,INE398A01010,Venky's (India) Limited
NSE:VENTIVE,VENTIVE,,INE781S01027,Ventive Hospitality Limited
NSE:VENUSPIPES,VENUSPIPES,,INE0JA001018,Venus Pipes & Tubes Limited
NSE:VENUSREM,VENUSREM,,INE411B01019,Venus Remedies Limited
NSE:VERANDA,VERANDA,,INE0IQ001011,Veranda Learning Solutions Limited
NSE:VERTOZ,VERTOZ,,INE188Y01031,Vertoz Limited
NSE:VESUVIUS,VESUVIUS,,INE386A01023,Vesuvius India Limited
NSE:VETO,VETO,,INE918N01018,Veto Switchgears And Cables Limited
NSE:VGL,VGL,,INE273D01027,VARVEE GLOBAL LIMITED
NSE:VGUARD,VGUARD,,INE951I01027,V-Guard Industries Limited
NSE:VHL,VHL,,INE701A01023,Vardhman Holdings Limited
NSE:VHLTD,VHLTD,,INE048C01025,Viceroy Hotels Limited
NSE:VIDHIING,VIDHIING,,INE632C01026,Vidhi Specialty Food Ingredients Limited
NSE:VIDYAWIRES,VIDYAWIRES,,INE14UN01029,Vidya Wires Limited
NSE:VIJAYA,VIJAYA,,INE043W01024,Vijaya Diagnostic Centre Limited
NSE:VIJIFIN,VIJIFIN,,INE159N01027,Viji Finance Limited
NSE:VIKASECO,VIKASECO,,INE806A01020,Vikas EcoTech Limited
NSE:VIKASLIFE,VIKASLIFE,,INE161L01027,Vikas Lifecare Limited
NSE:VIKRAMSOLR,VIKRAMSOLR,,INE078V01014,Vikram Solar Limited
NSE:VIKRAN,VIKRAN,,INE01R501028,Vikran Engineering Limited
NSE:VIMTALABS,VIMTALABS,,INE579C01029,Vimta Labs Limited
NSE:VINATIORGA,VINATIORGA,,INE410B01037,Vinati Organics Limited
NSE:VINCOFE,VINCOFE,,INE498Q01014,Vintage Coffee And Beverages Limited
NSE:VINDHYATEL,VINDHYATEL,,INE707A01012,Vindhya Telelinks Limited
NSE:VINEETLAB,VINEETLAB,,INE505Y01010,Vineet Laboratories Limited
NSE:VINNY,VINNY,,INE01KI01027,Vinny Overseas Limited
NSE:VINYLINDIA,VINYLINDIA,,INE250B01029,Vinyl Chemicals (India) Limited
NSE:VIPCLOTHNG,VIPCLOTHNG,,INE450G01024,VIP Clothing Limited
NSE:VIPIND,VIPIND,,INE054A01027,VIP Industries Limited
NSE:VIPULLTD,VIPULLTD,,INE946H01037,Vipul Limited
NSE:VIRINCHI,VIRINCHI,,INE539B01017,Virinchi Limited
NSE:VISACHROME,VISACHROME,,INE286H01012,VISA Chrome Limited
NSE:VISAKAIND,VISAKAIND,,INE392A01021,Visaka Industries Limited
NSE:VISHNU,VISHNU,,INE270I01022,Vishnu Chemicals Limited
NSE:VISHWARAJ,VISHWARAJ,,INE430N01022,Vishwaraj Sugar Industries Limited
NSE:VISL,VISL,,INE1CLE01013,Vedanta Iron and Steel Limited
NSE:VITAL,VITAL,,INE0L4K01016,Vital Chemtech Limited
NSE:VIVIANA,VIVIANA,,INE0MEG01014,Viviana Power Tech Limited
NSE:VIVIDHA,VIVIDHA,,INE370E01029,Visagar Polytex Limited
NSE:VIVIMEDLAB,VIVIMEDLAB,,INE526G01021,Vivimed Labs Limited
NSE:VIYASH,VIYASH,,INE807F01027,Viyash Scientific Limited
NSE:VLEGOV,VLEGOV,,INE03HW01020,VL E-Governance & IT Solutions Limited
NSE:VLSFINANCE,VLSFINANCE,,INE709A01018,VLS Finance Limited
NSE:VMART,VMART,,INE665J01013,V-Mart Retail Limited
NSE:VMM,VMM,,INE01EA01019,Vishal Mega Mart Limited
NSE:VMSTMT,VMSTMT,,INE0SJA01013,VMS TMT Limited
NSE:VOGL,VOGL,,INE704J01044,Vedanta Oil and Gas Limited
NSE:VOLTAMP,VOLTAMP,,INE540H01012,Voltamp Transformers Limited
NSE:VOLTAS,VOLTAS,,INE226A01021,Voltas Limited
NSE:VPRPL,VPRPL,,INE0AE001013,Vishnu Prakash R Punglia Limited
NSE:VRAJ,VRAJ,,INE0S2V01010,Vraj Iron and Steel Limited
NSE:VRLLOG,VRLLOG,,INE366I01010,VRL Logistics Limited
NSE:VSSL,VSSL,,INE050M01012,Vardhman Special Steels Limited
NSE:VSTIND,VSTIND,,INE710A01016,VST Industries Limited
NSE:VSTL,VSTL,,INE0QTF01015,Vibhor Steel Tubes Limited
NSE:VSTTILLERS,VSTTILLERS,,INE764D01017,V.S.T Tillers Tractors Limited
NSE:VTL,VTL,,INE825A01020,Vardhman Textiles Limited
NSE:WAAREEENER,WAAREEENER,,INE377N01017,Waaree Energies Limited
NSE:WAAREEINDO,WAAREEINDO,,INE866K01023,Indosolar Limited
NSE:WAAREERTL,WAAREERTL,,INE299N01021,Waaree Renewable Technologies Limited
NSE:WABAG,WABAG,,INE956G01038,VA Tech Wabag Limited
NSE:WAKEFIT,WAKEFIT,,INE0E7301029,Wakefit Innovations Limited
NSE:WALCHANNAG,WALCHANNAG,,INE711A01022,Walchandnagar Industries Limited
NSE:WANBURY,WANBURY,,INE107F01022,Wanbury Limited
NSE:WCIL,WCIL,,INE0CJF01024,Western Carriers (India) Limited
NSE:WEALTH,WEALTH,,INE658T01017,Wealth First Portfolio Managers Limited
NSE:WEBELSOLAR,WEBELSOLAR,,INE855C01023,Websol Energy System Limited
NSE:WEIZMANIND,WEIZMANIND,,INE080A01014,Weizmann Limited
NSE:WEL,WEL,,INE02WG01024,Wonder Electricals Limited
NSE:WELCORP,WELCORP,,INE191B01025,Welspun Corp Limited
NSE:WELENT,WELENT,,INE625G01013,Welspun Enterprises Limited
NSE:WELINV,WELINV,,INE389K01018,Welspun Investments and Commercials Limited
NSE:WELSPLSOL,WELSPLSOL,,INE731F01037,Welspun Specialty Solutions Limited
NSE:WELSPUNLIV,WELSPUNLIV,,INE192B01031,Welspun Living Limited
NSE:WENDT,WENDT,,INE274C01019,Wendt (India) Limited
NSE:WESTLIFE,WESTLIFE,,INE274F01020,WESTLIFE FOODWORLD LIMITED
NSE:WEWIN,WEWIN,,INE082W01014,WE WIN LIMITED
NSE:WEWORK,WEWORK,,INE085001019,WeWork India Management Limited
NSE:WHEELS,WHEELS,,INE715A01015,Wheels India Limited
NSE:WHIRLPOOL,WHIRLPOOL,,INE716A01013,Whirlpool of India Limited
NSE:WILLAMAGOR,WILLAMAGOR,,INE210A01017,Williamson Magor & Company Limited
NSE:WINDLAS,WINDLAS,,INE0H5O01029,Windlas Biotech Limited
NSE:WINDMACHIN,WINDMACHIN,,INE052A01021,Windsor Machines Limited
NSE:WINSOME,WINSOME,,INE784B01035,Winsome Yarns Limited
NSE:WIPL,WIPL,,INE215F01023,The Western India Plywoods Limited
NSE:WIPRO,WIPRO,,INE075A01022,Wipro Limited
NSE:WOCKPHARMA,WOCKPHARMA,,INE049B01025,Wockhardt Limited
NSE:WONDERLA,WONDERLA,,INE066O01014,Wonderla Holidays Limited
NSE:WORTHPERI,WORTHPERI,,INE196Y01018,Worth Peripherals Limited
NSE:WPIL,WPIL,,INE765D01022,WPIL Limited
NSE:WSI,WSI,,INE100D01014,W S Industries (I) Limited
NSE:WSTCSTPAPR,WSTCSTPAPR,,INE976A01021,West Coast Paper Mills Limited
NSE:XCHANGING,XCHANGING,,INE692G01013,Xchanging Solutions Limited
NSE:XELPMOC,XELPMOC,,INE01P501012,Xelpmoc Design And Tech Limited
NSE:XPROINDIA,XPROINDIA,,INE445C01015,Xpro India Limited
NSE:XTGLOBAL,XTGLOBAL,,INE547B01028,Xtglobal Infotech Limited
NSE:YASHO,YASHO,,INE616Z01012,Yasho Industries Limited
NSE:YATHARTH,YATHARTH,,INE0JO301016,Yatharth Hospital & Trauma Care Services Limited
NSE:YATRA,YATRA,,INE0JR601024,Yatra Online Limited
NSE:YESBANK,YESBANK,,INE528G01035,Yes Bank Limited
NSE:YUKEN,YUKEN,,INE384C01016,Yuken India Limited
NSE:ZAGGLE,ZAGGLE,,INE07K301024,Zaggle Prepaid Ocean Services Limited
NSE:ZEEL,ZEEL,,INE256A01028,Zee Entertainment Enterprises Limited
NSE:ZEELEARN,ZEELEARN,,INE565L01011,Zee Learn Limited
NSE:ZEEMEDIA,ZEEMEDIA,,INE966H01019,Zee Media Corporation Limited
NSE:ZENITHEXPO,ZENITHEXPO,,INE058B01018,Zenith Exports Limited
NSE:ZENITHSTL,ZENITHSTL,,INE318D01020,Zenith Steel Pipes & Industries Limited
NSE:ZENSARTECH,ZENSARTECH,,INE520A01027,Zensar Technologies Limited
NSE:ZENTEC,ZENTEC,,INE251B01027,Zen Technologies Limited
NSE:ZFCVINDIA,ZFCVINDIA,,INE342J01019,ZF Commercial Vehicle Control Systems India Limited
NSE:ZFSTEERING,ZFSTEERING,,INE116C01012,ZF Steering Gear (India) Limited
NSE:ZIMLAB,ZIMLAB,,INE518E01015,Zim Laboratories Limited
NSE:ZODIAC,ZODIAC,,INE761Y01019,Zodiac Energy Limited
NSE:ZODIACLOTH,ZODIACLOTH,,INE206B01013,Zodiac Clothing Company Limited
NSE:ZOTA,ZOTA,,INE358U01012,Zota Health Care LImited
NSE:ZSARACOM,ZSARACOM,,INE967G01019,Saraswati Commercial India Limited
NSE:ZUARI,ZUARI,,INE840M01016,Zuari Agro Chemicals Limited
NSE:ZUARIIND,ZUARIIND,,INE217A01012,ZUARI INDUSTRIES LIMITED
NSE:ZYDUSLIFE,ZYDUSLIFE,,INE010B01027,Zydus Lifesciences Limited
NSE:ZYDUSWELL,ZYDUSWELL,,INE768C01028,Zydus Wellness Limited
